pclass,survived,sex,age,sibsp,parch,fare,embarked,deck,title,fare_per_person,fare_log,family_size,is_alone
1,1,1,29.0,0,0,211.3375,S,B,Miss,52.834375,3.985912203652597,1,1
1,1,0,0.9167,1,2,151.55,S,C,Master,25.258333333333336,3.267983398975229,4,0
1,0,1,2.0,1,2,151.55,S,C,Miss,25.258333333333336,3.267983398975229,4,0
1,0,0,30.0,1,2,151.55,S,C,Mr,25.258333333333336,3.267983398975229,4,0
1,0,1,25.0,1,2,151.55,S,C,Mrs,25.258333333333336,3.267983398975229,4,0
1,1,0,48.0,0,0,26.55,S,E,Mr,26.55,3.3160025355989236,1,1
1,1,1,63.0,1,0,77.9583,S,D,Miss,25.986099999999997,3.2953219186268687,2,0
1,0,0,39.0,0,0,61.3792,S,A,Mr,61.3792,4.133231886474144,1,1
1,1,1,53.0,2,0,51.4792,S,C,Mrs,25.7396,3.286145612698786,3,0
1,0,0,71.0,0,0,49.5042,C,Unknown,Mr,49.5042,3.922056501139853,1,1
1,0,0,47.0,1,0,227.525,C,C,Rare,45.505,3.8395598336944303,2,0
1,1,1,18.0,1,0,227.525,C,C,Mrs,45.505,3.8395598336944303,2,0
1,1,1,24.0,0,0,69.3,C,B,Mrs,34.65,3.573749146860305,1,1
1,1,1,26.0,0,0,78.85,S,Unknown,Miss,26.28333333333333,3.306276015149034,1,1
1,1,0,80.0,0,0,30.0,S,A,Mr,30.0,3.4339872044851463,1,1
1,0,0,41.5,0,0,25.925,S,Unknown,Mr,25.925,3.2930552230424524,1,1
1,0,0,24.0,0,1,247.5208,C,B,Mr,82.50693333333334,4.424929662341819,2,0
1,1,1,50.0,0,1,247.5208,C,B,Mrs,82.50693333333334,4.424929662341819,2,0
1,1,1,32.0,0,0,76.2917,C,D,Miss,38.14585,3.667294414263866,1,1
1,0,0,36.0,0,0,75.2417,C,C,Mr,37.62085,3.653792286079762,1,1
1,1,0,37.0,1,1,52.5542,S,D,Mr,26.2771,3.306047522339149,3,0
1,1,1,47.0,1,1,52.5542,S,D,Mrs,26.2771,3.306047522339149,3,0
1,1,0,26.0,0,0,30.0,C,C,Mr,30.0,3.4339872044851463,1,1
1,1,1,42.0,0,0,227.525,C,Unknown,Miss,45.505,3.8395598336944303,1,1
1,1,1,29.0,0,0,221.7792,S,C,Miss,55.4448,4.033263169435021,1,1
1,0,0,25.0,0,0,26.0,C,Unknown,Mr,26.0,3.295836866004329,1,1
1,1,0,25.0,1,0,91.0792,C,B,Mr,45.5396,3.8403035630800124,2,0
1,1,1,19.0,1,0,91.0792,C,B,Mrs,45.5396,3.8403035630800124,2,0
1,1,1,35.0,0,0,135.6333,S,C,Miss,33.908325,3.552725339444502,1,1
1,1,0,28.0,0,0,26.55,S,C,Mr,26.55,3.3160025355989236,1,1
1,0,0,45.0,0,0,35.5,S,T,Mr,35.5,3.597312260588446,1,1
1,1,0,40.0,0,0,31.0,C,A,Mr,31.0,3.4657359027997265,1,1
1,1,1,30.0,0,0,164.8667,S,C,Miss,41.216675,3.742815285173949,1,1
1,1,1,58.0,0,0,26.55,S,C,Miss,26.55,3.3160025355989236,1,1
1,0,0,42.0,0,0,26.55,S,D,Mr,26.55,3.3160025355989236,1,1
1,1,1,45.0,0,0,262.375,C,Unknown,Miss,37.482142857142854,3.6501943118026987,1,1
1,1,1,22.0,0,1,55.0,S,E,Miss,27.5,3.349904087274605,2,0
1,1,0,41.5,0,0,26.55,S,Unknown,Mr,26.55,3.3160025355989236,1,1
1,0,0,41.0,0,0,30.5,S,A,Mr,30.5,3.449987545831587,1,1
1,0,0,48.0,0,0,50.4958,C,B,Mr,50.4958,3.941500250945973,1,1
1,0,0,49.5,0,0,39.6,C,Unknown,Rare,39.6,3.703768066607687,1,1
1,1,1,44.0,0,0,27.7208,C,B,Mrs,27.7208,3.357621598945279,1,1
1,1,1,59.0,2,0,51.4792,S,C,Mrs,25.7396,3.286145612698786,3,0
1,1,1,60.0,0,0,76.2917,C,D,Mrs,38.14585,3.667294414263866,1,1
1,1,1,41.0,0,0,134.5,C,E,Miss,26.9,3.32862668882732,1,1
1,0,0,45.0,0,0,26.55,S,B,Rare,26.55,3.3160025355989236,1,1
1,0,0,41.5,0,0,31.0,S,Unknown,Mr,15.5,2.803360380906535,1,1
1,1,0,42.0,0,0,26.2875,S,E,Mr,26.2875,3.3064287218760624,1,1
1,1,1,53.0,0,0,27.4458,C,Unknown,Mrs,27.4458,3.34800052225782,1,1
1,1,0,36.0,0,1,512.3292,C,B,Mr,128.0823,4.860450185432205,2,0
1,1,1,58.0,0,1,512.3292,C,B,Mrs,128.0823,4.860450185432205,2,0
1,0,0,33.0,0,0,5.0,S,B,Mr,5.0,1.791759469228055,1,1
1,0,0,28.0,0,0,47.1,S,Unknown,Mr,23.55,3.2007118542405295,1,1
1,0,0,17.0,0,0,47.1,S,Unknown,Mr,23.55,3.2007118542405295,1,1
1,1,0,11.0,1,2,120.0,S,B,Master,30.0,3.4339872044851463,4,0
1,1,1,14.0,1,2,120.0,S,B,Miss,30.0,3.4339872044851463,4,0
1,1,0,36.0,1,2,120.0,S,B,Mr,30.0,3.4339872044851463,4,0
1,1,1,36.0,1,2,120.0,S,B,Mrs,30.0,3.4339872044851463,4,0
1,0,0,49.0,0,0,26.0,S,Unknown,Mr,26.0,3.295836866004329,1,1
1,1,1,45.0,0,0,27.7208,C,Unknown,Mrs,27.7208,3.357621598945279,1,1
1,0,0,36.0,1,0,78.85,S,C,Mr,26.28333333333333,3.306276015149034,2,0
1,1,1,76.0,1,0,78.85,S,C,Mrs,26.28333333333333,3.306276015149034,2,0
1,0,0,46.0,1,0,61.175,S,E,Mr,30.5875,3.4527614727143128,2,0
1,1,1,47.0,1,0,61.175,S,E,Mrs,30.5875,3.4527614727143128,2,0
1,1,0,27.0,1,0,53.1,S,E,Mr,26.55,3.3160025355989236,2,0
1,1,1,33.0,1,0,53.1,S,E,Mrs,26.55,3.3160025355989236,2,0
1,1,1,36.0,0,0,262.375,C,B,Miss,37.482142857142854,3.6501943118026987,1,1
1,1,1,30.0,0,0,86.5,S,B,Miss,28.833333333333332,3.3956263366127,1,1
1,1,0,45.0,0,0,29.7,C,A,Mr,29.7,3.4242626545931514,1,1
1,1,1,45.0,0,1,55.0,S,E,Mrs,27.5,3.349904087274605,2,0
1,0,0,41.5,0,0,61.3792,S,Unknown,Mr,61.3792,4.133231886474144,1,1
1,0,0,27.0,1,0,136.7792,C,C,Mr,68.3896,4.2397370003754595,2,0
1,1,1,26.0,1,0,136.7792,C,C,Mrs,68.3896,4.2397370003754595,2,0
1,1,1,22.0,0,0,151.55,S,Unknown,Miss,25.258333333333336,3.267983398975229,1,1
1,0,0,41.5,0,0,52.0,S,A,Mr,26.0,3.295836866004329,1,1
1,0,0,47.0,0,0,25.5875,S,E,Mr,25.5875,3.2804411805263554,1,1
1,1,1,39.0,1,1,83.1583,C,E,Miss,27.71943333333333,3.357574013251851,3,0
1,0,0,37.0,1,1,83.1583,C,E,Mr,27.71943333333333,3.357574013251851,3,0
1,1,1,64.0,0,2,83.1583,C,E,Mrs,27.71943333333333,3.357574013251851,3,0
1,1,1,55.0,2,0,25.7,S,C,Mrs,25.7,3.2846635654062037,3,0
1,0,0,41.5,0,0,26.55,S,Unknown,Mr,26.55,3.3160025355989236,1,1
1,0,0,70.0,1,1,71.0,S,B,Rare,35.5,3.597312260588446,3,0
1,1,1,36.0,0,2,71.0,S,B,Miss,35.5,3.597312260588446,3,0
1,1,1,64.0,1,1,26.55,S,B,Mrs,26.55,3.3160025355989236,3,0
1,0,0,39.0,1,0,71.2833,C,C,Mr,35.64165,3.6011855715430774,2,0
1,1,1,38.0,1,0,71.2833,C,C,Mrs,35.64165,3.6011855715430774,2,0
1,1,0,51.0,0,0,26.55,S,E,Mr,26.55,3.3160025355989236,1,1
1,1,0,27.0,0,0,30.5,S,Unknown,Mr,30.5,3.449987545831587,1,1
1,1,1,33.0,0,0,151.55,S,Unknown,Miss,25.258333333333336,3.267983398975229,1,1
1,0,0,31.0,1,0,52.0,S,B,Mr,26.0,3.295836866004329,2,0
1,1,1,27.0,1,2,52.0,S,B,Mrs,26.0,3.295836866004329,4,0
1,1,0,31.0,1,0,57.0,S,B,Mr,28.5,3.3843902633457743,2,0
1,1,1,17.0,1,0,57.0,S,B,Mrs,28.5,3.3843902633457743,2,0
1,1,0,53.0,1,1,81.8583,S,A,Rare,27.2861,3.342370517909884,3,0
1,1,0,4.0,0,2,81.8583,S,A,Master,27.2861,3.342370517909884,3,0
1,1,1,54.0,1,1,81.8583,S,A,Mrs,27.2861,3.342370517909884,3,0
1,0,0,50.0,1,0,106.425,C,C,Mr,35.475,3.5966270944088494,2,0
1,1,1,27.0,1,1,247.5208,C,B,Mrs,82.50693333333334,4.424929662341819,3,0
1,1,1,48.0,1,0,106.425,C,C,Mrs,35.475,3.5966270944088494,2,0
1,1,1,48.0,1,0,39.6,C,A,Rare,39.6,3.703768066607687,2,0
1,1,0,49.0,1,0,56.9292,C,A,Rare,28.4646,3.383189542769255,2,0
1,0,0,39.0,0,0,29.7,C,A,Mr,29.7,3.4242626545931514,1,1
1,1,1,23.0,0,1,83.1583,C,C,Mrs,27.71943333333333,3.357574013251851,2,0
1,1,1,38.0,0,0,227.525,C,C,Miss,45.505,3.8395598336944303,1,1
1,1,1,54.0,1,0,78.2667,C,D,Miss,39.13335,3.6922076594889166,2,0
1,0,1,36.0,0,0,31.6792,C,A,Miss,31.6792,3.486738789888005,1,1
1,0,0,41.5,0,0,221.7792,S,C,Mr,55.4448,4.033263169435021,1,1
1,1,1,45.0,0,0,31.6833,S,Unknown,Mrs,31.6833,3.4868642440859134,1,1
1,1,1,30.0,0,0,110.8833,C,Unknown,Miss,27.720825,3.3576224693941916,1,1
1,1,0,36.0,0,0,26.3875,S,E,Mr,26.3875,3.3100867049215847,1,1
1,0,0,30.0,0,0,27.75,C,C,Mr,27.75,3.3586377672433594,1,1
1,1,1,24.0,3,2,263.0,S,C,Miss,43.833333333333336,3.802951910373784,6,0
1,1,1,28.0,3,2,263.0,S,C,Miss,43.833333333333336,3.802951910373784,6,0
1,1,1,23.0,3,2,263.0,S,C,Miss,43.833333333333336,3.802951910373784,6,0
1,0,0,19.0,3,2,263.0,S,C,Mr,43.833333333333336,3.802951910373784,6,0
1,0,0,64.0,1,4,263.0,S,C,Mr,43.833333333333336,3.802951910373784,6,0
1,1,1,60.0,1,4,263.0,S,C,Mrs,43.833333333333336,3.802951910373784,6,0
1,1,1,30.0,0,0,56.9292,C,E,Miss,28.4646,3.383189542769255,1,1
1,0,0,41.5,0,0,26.55,S,D,Mr,26.55,3.3160025355989236,1,1
1,1,0,50.0,2,0,133.65,S,Unknown,Rare,66.825,4.216930858544996,3,0
1,1,0,43.0,1,0,27.7208,C,D,Mr,27.7208,3.357621598945279,2,0
1,1,1,45.0,1,0,133.65,S,Unknown,Mrs,66.825,4.216930858544996,2,0
1,1,1,22.0,0,2,49.5,C,B,Miss,49.5,3.9219733362813143,3,0
1,1,0,60.0,1,1,79.2,C,B,Mr,39.6,3.703768066607687,3,0
1,1,1,48.0,1,1,79.2,C,B,Mrs,39.6,3.703768066607687,3,0
1,0,0,41.5,0,0,61.3792,S,B,Mr,30.6896,3.4559885513448463,1,1
1,0,0,37.0,1,0,53.1,S,C,Mr,26.55,3.3160025355989236,2,0
1,1,1,35.0,1,0,53.1,S,C,Mrs,26.55,3.3160025355989236,2,0
1,0,0,47.0,0,0,38.5,S,E,Mr,38.5,3.676300671907076,1,1
1,1,1,35.0,0,0,211.5,C,C,Miss,42.3,3.768152635008444,1,1
1,1,1,22.0,0,1,59.4,C,Unknown,Miss,29.7,3.4242626545931514,2,0
1,1,1,45.0,0,1,59.4,C,Unknown,Mrs,29.7,3.4242626545931514,2,0
1,0,0,24.0,0,0,79.2,C,B,Mr,39.6,3.703768066607687,1,1
1,1,0,49.0,1,0,89.1042,C,C,Mr,44.5521,3.8188567258265635,2,0
1,1,1,45.0,1,0,89.1042,C,C,Mrs,44.5521,3.8188567258265635,2,0
1,0,0,71.0,0,0,34.6542,C,A,Mr,34.6542,3.57386695198272,1,1
1,1,0,53.0,0,0,28.5,C,C,Rare,28.5,3.3843902633457743,1,1
1,1,1,19.0,0,0,30.0,S,B,Miss,30.0,3.4339872044851463,1,1
1,0,0,38.0,0,1,153.4625,S,C,Mr,51.15416666666667,3.9542040759860324,2,0
1,1,1,58.0,0,1,153.4625,S,C,Mrs,51.15416666666667,3.9542040759860324,2,0
1,1,0,23.0,0,1,63.3583,C,D,Mr,31.67915,3.48673725986162,2,0
1,1,1,45.0,0,1,63.3583,C,D,Mrs,31.67915,3.48673725986162,2,0
1,0,0,46.0,0,0,79.2,C,B,Mr,39.6,3.703768066607687,1,1
1,1,0,25.0,1,0,55.4417,C,E,Mr,27.72085,3.357623339842346,2,0
1,1,1,25.0,1,0,55.4417,C,E,Mrs,27.72085,3.357623339842346,2,0
1,1,0,48.0,1,0,76.7292,C,D,Mr,25.576400000000003,3.280023603931663,2,0
1,1,1,49.0,1,0,76.7292,C,D,Mrs,25.576400000000003,3.280023603931663,2,0
1,0,0,41.5,0,0,42.4,S,Unknown,Mr,21.2,3.100092288878234,1,1
1,0,0,45.0,1,0,83.475,S,C,Mr,41.7375,3.75507675496542,2,0
1,1,1,35.0,1,0,83.475,S,C,Mrs,41.7375,3.75507675496542,2,0
1,0,0,40.0,0,0,61.3792,S,B,Mr,61.3792,4.133231886474144,1,1
1,1,0,27.0,0,0,76.7292,C,D,Mr,25.576400000000003,3.280023603931663,1,1
1,1,0,41.5,0,0,30.0,S,D,Mr,30.0,3.4339872044851463,1,1
1,1,1,24.0,0,0,83.1583,C,C,Miss,27.71943333333333,3.357574013251851,1,1
1,0,0,55.0,1,1,93.5,S,B,Mr,23.375,3.193558016883911,3,0
1,1,1,52.0,1,1,93.5,S,B,Mrs,23.375,3.193558016883911,3,0
1,0,0,42.0,0,0,42.5,S,B,Mr,42.5,3.7727609380946383,1,1
1,0,0,41.5,0,0,51.8625,S,E,Mr,25.93125,3.293287322382011,1,1
1,0,0,55.0,0,0,50.0,S,C,Mr,50.0,3.9318256327243257,1,1
1,1,1,16.0,0,1,57.9792,C,B,Miss,28.9896,3.400850654892709,2,0
1,1,1,44.0,0,1,57.9792,C,B,Mrs,28.9896,3.400850654892709,2,0
1,1,1,51.0,1,0,77.9583,S,D,Mrs,25.986099999999997,3.2953219186268687,2,0
1,0,0,42.0,1,0,52.0,S,Unknown,Mr,26.0,3.295836866004329,2,0
1,1,1,35.0,1,0,52.0,S,Unknown,Mrs,26.0,3.295836866004329,2,0
1,1,0,35.0,0,0,26.55,C,Unknown,Mr,26.55,3.3160025355989236,1,1
1,1,0,38.0,1,0,90.0,S,C,Mr,45.0,3.828641396489095,2,0
1,0,0,41.5,0,0,30.6958,C,Unknown,Mr,30.6958,3.4561841799918147,1,1
1,1,1,35.0,1,0,90.0,S,C,Mrs,45.0,3.828641396489095,2,0
1,1,1,38.0,0,0,80.0,S,B,Miss,40.0,3.713572066704308,1,1
1,0,1,50.0,0,0,28.7125,C,C,Miss,28.7125,3.391567832686312,1,1
1,1,0,49.0,0,0,61.3792,S,B,Mr,30.6896,3.4559885513448463,1,1
1,0,0,46.0,0,0,26.0,S,Unknown,Mr,26.0,3.295836866004329,1,1
1,0,0,50.0,0,0,26.0,S,E,Mr,26.0,3.295836866004329,1,1
1,0,0,32.5,0,0,211.5,C,C,Mr,42.3,3.768152635008444,1,1
1,0,0,58.0,0,0,29.7,C,B,Mr,29.7,3.4242626545931514,1,1
1,0,0,41.0,1,0,51.8625,S,D,Mr,25.93125,3.293287322382011,2,0
1,1,1,45.0,1,0,51.8625,S,D,Mrs,25.93125,3.293287322382011,2,0
1,1,0,42.0,1,0,52.5542,S,D,Mr,26.2771,3.306047522339149,2,0
1,1,1,45.0,1,0,52.5542,S,D,Mrs,26.2771,3.306047522339149,2,0
1,0,0,41.5,0,0,26.55,S,C,Mr,26.55,3.3160025355989236,1,1
1,1,1,39.0,0,0,211.3375,S,Unknown,Miss,52.834375,3.985912203652597,1,1
1,1,1,49.0,0,0,25.9292,S,D,Rare,25.9292,3.2932111997353943,1,1
1,1,1,30.0,0,0,106.425,C,Unknown,Miss,35.475,3.5966270944088494,1,1
1,1,0,35.0,0,0,512.3292,C,B,Mr,128.0823,4.860450185432205,1,1
1,0,0,41.5,0,0,27.7208,C,Unknown,Mr,27.7208,3.357621598945279,1,1
1,0,0,42.0,0,0,26.55,S,Unknown,Mr,26.55,3.3160025355989236,1,1
1,1,1,55.0,0,0,27.7208,C,Unknown,Mrs,27.7208,3.357621598945279,1,1
1,1,1,16.0,0,1,39.4,S,D,Miss,19.7,3.0301337002713233,2,0
1,1,1,51.0,0,1,39.4,S,D,Mrs,19.7,3.0301337002713233,2,0
1,0,0,29.0,0,0,30.0,S,D,Mr,30.0,3.4339872044851463,1,1
1,1,1,21.0,0,0,77.9583,S,D,Miss,25.986099999999997,3.2953219186268687,1,1
1,0,0,30.0,0,0,45.5,S,Unknown,Mr,45.5,3.8394523125933104,1,1
1,1,1,58.0,0,0,146.5208,C,B,Miss,48.84026666666667,3.908823224919673,1,1
1,1,1,15.0,0,1,211.3375,S,B,Miss,52.834375,3.985912203652597,2,0
1,0,0,30.0,0,0,26.0,S,C,Mr,26.0,3.295836866004329,1,1
1,1,1,16.0,0,0,86.5,S,B,Miss,28.833333333333332,3.3956263366127,1,1
1,1,0,41.5,0,0,29.7,C,C,Mr,29.7,3.4242626545931514,1,1
1,0,0,19.0,1,0,53.1,S,D,Mr,26.55,3.3160025355989236,2,0
1,1,1,18.0,1,0,53.1,S,D,Mrs,26.55,3.3160025355989236,2,0
1,1,1,24.0,0,0,49.5042,C,C,Miss,49.5042,3.922056501139853,1,1
1,0,0,46.0,0,0,75.2417,C,C,Mr,37.62085,3.653792286079762,1,1
1,0,0,54.0,0,0,51.8625,S,E,Mr,25.93125,3.293287322382011,1,1
1,1,0,36.0,0,0,26.2875,S,E,Mr,26.2875,3.3064287218760624,1,1
1,0,0,28.0,1,0,82.1708,C,Unknown,Mr,41.0854,3.7397008871924475,2,0
1,1,1,45.0,1,0,82.1708,C,Unknown,Mrs,41.0854,3.7397008871924475,2,0
1,0,0,65.0,0,0,26.55,S,E,Mr,26.55,3.3160025355989236,1,1
1,0,0,44.0,2,0,90.0,Q,C,Rare,30.0,3.4339872044851463,3,0
1,1,1,33.0,1,0,90.0,Q,C,Miss,30.0,3.4339872044851463,2,0
1,1,1,37.0,1,0,90.0,Q,C,Mrs,30.0,3.4339872044851463,2,0
1,1,0,30.0,1,0,57.75,C,C,Mr,28.875,3.397022010251675,2,0
1,0,0,55.0,0,0,30.5,S,C,Mr,30.5,3.449987545831587,1,1
1,0,0,47.0,0,0,42.4,S,Unknown,Mr,21.2,3.100092288878234,1,1
1,0,0,37.0,0,1,29.7,C,C,Mr,29.7,3.4242626545931514,2,0
1,1,1,31.0,1,0,113.275,C,D,Miss,37.75833333333333,3.657345786442051,2,0
1,1,1,23.0,1,0,113.275,C,D,Miss,37.75833333333333,3.657345786442051,2,0
1,0,0,58.0,0,2,113.275,C,D,Mr,37.75833333333333,3.657345786442051,3,0
1,1,1,19.0,0,2,26.2833,S,D,Miss,26.2833,3.3062747934011893,3,0
1,0,0,64.0,0,0,26.0,S,Unknown,Mr,26.0,3.295836866004329,1,1
1,1,1,39.0,0,0,108.9,C,C,Rare,36.300000000000004,3.61899332664977,1,1
1,1,0,41.5,0,0,25.7417,C,Unknown,Mr,25.7417,3.286224144821269,1,1
1,1,1,22.0,0,1,61.9792,C,B,Miss,30.9896,3.465410849975781,2,0
1,0,0,65.0,0,1,61.9792,C,B,Mr,30.9896,3.465410849975781,2,0
1,0,0,28.5,0,0,27.7208,C,D,Mr,27.7208,3.357621598945279,1,1
1,0,0,41.5,0,0,61.3792,S,Unknown,Mr,61.3792,4.133231886474144,1,1
1,0,0,45.5,0,0,28.5,S,C,Mr,28.5,3.3843902633457743,1,1
1,0,0,23.0,0,0,93.5,S,B,Mr,23.375,3.193558016883911,1,1
1,0,0,29.0,1,0,66.6,S,C,Mr,33.3,3.535145354171894,2,0
1,1,1,22.0,1,0,66.6,S,C,Mrs,33.3,3.535145354171894,2,0
1,0,0,18.0,1,0,108.9,C,C,Mr,36.300000000000004,3.61899332664977,2,0
1,1,1,17.0,1,0,108.9,C,C,Mrs,36.300000000000004,3.61899332664977,2,0
1,1,1,30.0,0,0,93.5,S,B,Miss,23.375,3.193558016883911,1,1
1,1,0,52.0,0,0,30.5,S,C,Rare,30.5,3.449987545831587,1,1
1,0,0,47.0,0,0,52.0,S,C,Mr,26.0,3.295836866004329,1,1
1,1,1,56.0,0,1,83.1583,C,C,Mrs,27.71943333333333,3.357574013251851,2,0
1,0,0,38.0,0,0,61.3792,S,Unknown,Rare,61.3792,4.133231886474144,1,1
1,1,0,41.5,0,0,39.6,S,Unknown,Mr,39.6,3.703768066607687,1,1
1,0,0,22.0,0,0,135.6333,C,Unknown,Mr,33.908325,3.552725339444502,1,1
1,0,0,41.5,0,0,227.525,C,Unknown,Mr,45.505,3.8395598336944303,1,1
1,1,1,43.0,0,1,211.3375,S,B,Mrs,52.834375,3.985912203652597,2,0
1,0,0,31.0,0,0,50.4958,S,A,Mr,50.4958,3.941500250945973,1,1
1,1,0,45.0,0,0,26.55,S,Unknown,Mr,26.55,3.3160025355989236,1,1
1,0,0,41.5,0,0,50.0,S,A,Mr,50.0,3.9318256327243257,1,1
1,1,1,33.0,0,0,27.7208,C,A,Miss,27.7208,3.357621598945279,1,1
1,0,0,46.0,0,0,79.2,C,Unknown,Mr,39.6,3.703768066607687,1,1
1,0,0,36.0,0,0,40.125,C,A,Mr,40.125,3.716616209085536,1,1
1,1,1,33.0,0,0,86.5,S,B,Rare,28.833333333333332,3.3956263366127,1,1
1,0,0,55.0,1,0,59.4,C,Unknown,Mr,29.7,3.4242626545931514,2,0
1,1,1,54.0,1,0,59.4,C,Unknown,Mrs,29.7,3.4242626545931514,2,0
1,0,0,33.0,0,0,26.55,S,Unknown,Mr,26.55,3.3160025355989236,1,1
1,1,0,13.0,2,2,262.375,C,B,Master,37.482142857142854,3.6501943118026987,5,0
1,1,1,18.0,2,2,262.375,C,B,Miss,37.482142857142854,3.6501943118026987,5,0
1,1,1,21.0,2,2,262.375,C,B,Miss,37.482142857142854,3.6501943118026987,5,0
1,0,0,61.0,1,3,262.375,C,B,Mr,37.482142857142854,3.6501943118026987,5,0
1,1,1,48.0,1,3,262.375,C,B,Mrs,37.482142857142854,3.6501943118026987,5,0
1,1,0,41.5,0,0,30.5,S,C,Mr,30.5,3.449987545831587,1,1
1,1,1,24.0,0,0,69.3,C,B,Miss,34.65,3.573749146860305,1,1
1,1,0,41.5,0,0,26.0,S,Unknown,Mr,26.0,3.295836866004329,1,1
1,1,1,35.0,1,0,57.75,C,C,Mrs,28.875,3.397022010251675,2,0
1,1,1,30.0,0,0,31.0,C,Unknown,Miss,15.5,2.803360380906535,1,1
1,1,0,34.0,0,0,26.55,S,Unknown,Mr,26.55,3.3160025355989236,1,1
1,1,1,40.0,0,0,153.4625,S,C,Miss,51.15416666666667,3.9542040759860324,1,1
1,1,0,35.0,0,0,26.2875,S,E,Mr,26.2875,3.3064287218760624,1,1
1,0,0,50.0,1,0,55.9,S,E,Mr,27.95,3.3655702040190043,2,0
1,1,1,39.0,1,0,55.9,S,E,Mrs,27.95,3.3655702040190043,2,0
1,1,0,56.0,0,0,35.5,C,A,Rare,35.5,3.597312260588446,1,1
1,1,0,28.0,0,0,35.5,S,A,Mr,35.5,3.597312260588446,1,1
1,0,0,56.0,0,0,26.55,S,Unknown,Mr,26.55,3.3160025355989236,1,1
1,0,0,56.0,0,0,30.6958,C,A,Mr,30.6958,3.4561841799918147,1,1
1,0,0,24.0,1,0,60.0,S,C,Mr,30.0,3.4339872044851463,2,0
1,0,0,41.5,0,0,26.0,S,A,Mr,26.0,3.295836866004329,1,1
1,1,1,18.0,1,0,60.0,S,C,Mrs,30.0,3.4339872044851463,2,0
1,1,0,24.0,1,0,82.2667,S,B,Mr,41.13335,3.740839588614189,2,0
1,1,1,23.0,1,0,82.2667,S,B,Mrs,41.13335,3.740839588614189,2,0
1,1,0,6.0,0,2,134.5,C,E,Master,26.9,3.32862668882732,3,0
1,1,0,45.0,1,1,134.5,C,E,Mr,26.9,3.32862668882732,3,0
1,1,1,40.0,1,1,134.5,C,E,Mrs,26.9,3.32862668882732,3,0
1,0,0,57.0,1,0,146.5208,C,B,Mr,48.84026666666667,3.908823224919673,2,0
1,1,1,45.0,1,0,146.5208,C,B,Mrs,48.84026666666667,3.908823224919673,2,0
1,1,0,32.0,0,0,30.5,C,B,Rare,30.5,3.449987545831587,1,1
1,0,0,62.0,0,0,26.55,S,C,Mr,26.55,3.3160025355989236,1,1
1,1,0,54.0,1,0,55.4417,C,C,Mr,27.72085,3.357623339842346,2,0
1,1,1,43.0,1,0,55.4417,C,C,Mrs,27.72085,3.357623339842346,2,0
1,1,1,52.0,1,0,78.2667,C,D,Mrs,39.13335,3.6922076594889166,2,0
1,0,0,41.5,0,0,27.7208,C,Unknown,Mr,27.7208,3.357621598945279,1,1
1,1,1,62.0,0,0,80.0,S,B,Mrs,40.0,3.713572066704308,1,1
1,0,0,67.0,1,0,221.7792,S,C,Mr,55.4448,4.033263169435021,2,0
1,0,1,63.0,1,0,221.7792,S,C,Mrs,55.4448,4.033263169435021,2,0
1,0,0,61.0,0,0,32.3208,S,D,Mr,32.3208,3.5061818266142577,1,1
1,1,1,48.0,0,0,25.9292,S,D,Mrs,25.9292,3.2932111997353943,1,1
1,1,1,18.0,0,2,79.65,S,E,Miss,26.55,3.3160025355989236,3,0
1,0,0,52.0,1,1,79.65,S,E,Mr,26.55,3.3160025355989236,3,0
1,1,1,39.0,1,1,79.65,S,E,Mrs,26.55,3.3160025355989236,3,0
1,1,0,48.0,1,0,52.0,S,C,Mr,26.0,3.295836866004329,2,0
1,1,1,45.0,1,0,52.0,S,C,Mrs,26.0,3.295836866004329,2,0
1,0,0,49.0,1,1,110.8833,C,C,Mr,27.720825,3.3576224693941916,3,0
1,1,0,17.0,0,2,110.8833,C,C,Mr,27.720825,3.3576224693941916,3,0
1,1,1,39.0,1,1,110.8833,C,C,Mrs,27.720825,3.3576224693941916,3,0
1,1,1,45.0,0,0,79.2,C,Unknown,Mrs,39.6,3.703768066607687,1,1
1,1,0,31.0,0,0,28.5375,C,C,Mr,28.5375,3.3856606425130265,1,1
1,0,0,40.0,0,0,27.7208,C,Unknown,Rare,27.7208,3.357621598945279,1,1
1,0,0,61.0,0,0,33.5,S,B,Mr,33.5,3.5409593240373143,1,1
1,0,0,47.0,0,0,34.0208,S,D,Mr,34.0208,3.5559421706858756,1,1
1,1,1,35.0,0,0,512.3292,C,Unknown,Miss,128.0823,4.860450185432205,1,1
1,0,0,64.0,1,0,75.25,C,D,Mr,37.625,3.6538997352179097,2,0
1,1,1,60.0,1,0,75.25,C,D,Mrs,37.625,3.6538997352179097,2,0
1,0,0,60.0,0,0,26.55,S,Unknown,Rare,26.55,3.3160025355989236,1,1
1,0,0,54.0,0,1,77.2875,S,D,Mr,38.64375,3.6799333064000703,2,0
1,0,0,21.0,0,1,77.2875,S,D,Mr,38.64375,3.6799333064000703,2,0
1,1,1,55.0,0,0,135.6333,C,C,Mrs,33.908325,3.552725339444502,1,1
1,1,1,31.0,0,2,164.8667,S,C,Miss,41.216675,3.742815285173949,3,0
1,0,0,57.0,1,1,164.8667,S,Unknown,Mr,41.216675,3.742815285173949,3,0
1,1,1,45.0,1,1,164.8667,S,Unknown,Mrs,41.216675,3.742815285173949,3,0
1,0,0,50.0,1,1,211.5,C,C,Mr,42.3,3.768152635008444,3,0
1,0,0,27.0,0,2,211.5,C,C,Mr,42.3,3.768152635008444,3,0
1,1,1,50.0,1,1,211.5,C,C,Mrs,42.3,3.768152635008444,3,0
1,1,1,21.0,0,0,26.55,S,Unknown,Miss,26.55,3.3160025355989236,1,1
1,0,0,51.0,0,1,61.3792,C,Unknown,Mr,30.6896,3.4559885513448463,2,0
1,1,0,21.0,0,1,61.3792,C,Unknown,Mr,30.6896,3.4559885513448463,2,0
1,0,0,41.5,0,0,35.0,S,C,Mr,35.0,3.58351893845611,1,1
1,1,1,31.0,0,0,134.5,C,E,Miss,26.9,3.32862668882732,1,1
1,1,0,41.5,0,0,35.5,S,C,Mr,35.5,3.597312260588446,1,1
1,0,0,62.0,0,0,26.55,S,Unknown,Mr,26.55,3.3160025355989236,1,1
1,1,1,36.0,0,0,135.6333,C,C,Miss,33.908325,3.552725339444502,1,1
2,0,0,30.0,1,0,24.0,C,Unknown,Mr,12.0,2.5649493574615367,2,0
2,1,1,28.0,1,0,24.0,C,Unknown,Mrs,12.0,2.5649493574615367,2,0
2,0,0,30.0,0,0,13.0,S,Unknown,Mr,13.0,2.6390573296152584,1,1
2,0,0,18.0,0,0,11.5,S,Unknown,Mr,11.5,2.5257286443082556,1,1
2,0,0,25.0,0,0,10.5,S,Unknown,Mr,10.5,2.4423470353692043,1,1
2,0,0,34.0,1,0,26.0,S,Unknown,Mr,13.0,2.6390573296152584,2,0
2,1,1,36.0,1,0,26.0,S,Unknown,Mrs,13.0,2.6390573296152584,2,0
2,0,0,57.0,0,0,13.0,S,Unknown,Mr,13.0,2.6390573296152584,1,1
2,0,0,18.0,0,0,11.5,S,Unknown,Mr,11.5,2.5257286443082556,1,1
2,0,0,23.0,0,0,10.5,S,Unknown,Mr,10.5,2.4423470353692043,1,1
2,1,1,36.0,0,0,13.0,S,D,Mrs,13.0,2.6390573296152584,1,1
2,0,0,28.0,0,0,10.5,S,Unknown,Mr,10.5,2.4423470353692043,1,1
2,0,0,51.0,0,0,12.525,S,Unknown,Rare,12.525,2.6045398247325453,1,1
2,1,0,32.0,1,0,26.0,S,Unknown,Mr,13.0,2.6390573296152584,2,0
2,1,1,19.0,1,0,26.0,S,Unknown,Mrs,13.0,2.6390573296152584,2,0
2,0,0,28.0,0,0,26.0,S,Unknown,Mr,13.0,2.6390573296152584,1,1
2,1,0,1.0,2,1,39.0,S,F,Master,9.75,2.3749057545736716,4,0
2,1,1,4.0,2,1,39.0,S,F,Miss,9.75,2.3749057545736716,4,0
2,1,1,12.0,2,1,39.0,S,F,Miss,9.75,2.3749057545736716,4,0
2,1,1,36.0,0,3,39.0,S,F,Mrs,9.75,2.3749057545736716,4,0
2,1,0,34.0,0,0,13.0,S,D,Mr,13.0,2.6390573296152584,1,1
2,1,1,19.0,0,0,13.0,S,Unknown,Miss,13.0,2.6390573296152584,1,1
2,0,0,23.0,0,0,13.0,S,Unknown,Mr,13.0,2.6390573296152584,1,1
2,0,0,26.0,0,0,13.0,S,Unknown,Mr,13.0,2.6390573296152584,1,1
2,0,0,42.0,0,0,13.0,S,Unknown,Mr,13.0,2.6390573296152584,1,1
2,0,0,27.0,0,0,13.0,S,Unknown,Mr,13.0,2.6390573296152584,1,1
2,1,1,24.0,0,0,13.0,S,F,Miss,13.0,2.6390573296152584,1,1
2,1,1,15.0,0,2,39.0,S,Unknown,Miss,13.0,2.6390573296152584,3,0
2,0,0,60.0,1,1,39.0,S,Unknown,Mr,13.0,2.6390573296152584,3,0
2,1,1,40.0,1,1,39.0,S,Unknown,Mrs,13.0,2.6390573296152584,3,0
2,1,1,20.0,1,0,26.0,S,Unknown,Miss,13.0,2.6390573296152584,2,0
2,0,0,25.0,1,0,26.0,S,Unknown,Mr,13.0,2.6390573296152584,2,0
2,1,1,36.0,0,0,13.0,S,Unknown,Miss,13.0,2.6390573296152584,1,1
2,0,0,25.0,0,0,13.0,S,Unknown,Mr,13.0,2.6390573296152584,1,1
2,0,0,42.0,0,0,13.0,S,Unknown,Rare,13.0,2.6390573296152584,1,1
2,1,1,42.0,0,0,13.0,S,Unknown,Mrs,13.0,2.6390573296152584,1,1
2,1,0,0.8333,0,2,29.0,S,Unknown,Master,9.666666666666666,2.367123614131617,3,0
2,1,0,26.0,1,1,29.0,S,Unknown,Mr,9.666666666666666,2.367123614131617,3,0
2,1,1,22.0,1,1,29.0,S,Unknown,Mrs,9.666666666666666,2.367123614131617,3,0
2,1,1,35.0,0,0,21.0,S,Unknown,Miss,10.5,2.4423470353692043,1,1
2,0,0,30.0,0,0,15.05,S,Unknown,Mr,5.016666666666667,1.7945333961107803,1,1
2,0,0,19.0,0,0,13.0,S,Unknown,Mr,13.0,2.6390573296152584,1,1
2,0,1,44.0,1,0,26.0,S,Unknown,Mrs,13.0,2.6390573296152584,2,0
2,0,0,54.0,1,0,26.0,S,Unknown,Rare,13.0,2.6390573296152584,2,0
2,0,0,52.0,0,0,13.5,S,Unknown,Mr,13.5,2.6741486494265287,1,1
2,0,0,37.0,1,0,26.0,S,Unknown,Mr,13.0,2.6390573296152584,2,0
2,0,1,29.0,1,0,26.0,S,Unknown,Mrs,13.0,2.6390573296152584,2,0
2,1,1,25.0,1,1,30.0,S,Unknown,Miss,15.0,2.772588722239781,3,0
2,1,1,45.0,0,2,30.0,S,Unknown,Mrs,15.0,2.772588722239781,3,0
2,0,0,29.0,1,0,26.0,S,Unknown,Mr,13.0,2.6390573296152584,2,0
2,1,1,28.0,1,0,26.0,S,Unknown,Mrs,13.0,2.6390573296152584,2,0
2,0,0,29.0,0,0,10.5,S,Unknown,Mr,10.5,2.4423470353692043,1,1
2,0,0,28.0,0,0,13.0,S,Unknown,Mr,13.0,2.6390573296152584,1,1
2,1,0,24.0,0,0,10.5,S,Unknown,Mr,10.5,2.4423470353692043,1,1
2,1,1,8.0,0,2,26.25,S,Unknown,Miss,8.75,2.277267285009756,3,0
2,0,0,31.0,1,1,26.25,S,Unknown,Mr,8.75,2.277267285009756,3,0
2,1,1,31.0,1,1,26.25,S,Unknown,Mrs,8.75,2.277267285009756,3,0
2,1,1,22.0,0,0,10.5,S,F,Mrs,10.5,2.4423470353692043,1,1
2,0,1,30.0,0,0,13.0,S,Unknown,Mrs,13.0,2.6390573296152584,1,1
2,0,1,30.5,0,0,21.0,S,Unknown,Mrs,10.5,2.4423470353692043,1,1
2,0,0,21.0,0,0,11.5,S,Unknown,Mr,11.5,2.5257286443082556,1,1
2,0,0,30.0,0,0,15.05,S,Unknown,Mr,5.016666666666667,1.7945333961107803,1,1
2,1,0,8.0,1,1,36.75,S,Unknown,Master,9.1875,2.321161478566981,3,0
2,0,0,18.0,0,0,73.5,S,Unknown,Mr,10.5,2.4423470353692043,1,1
2,1,1,48.0,0,2,36.75,S,Unknown,Mrs,9.1875,2.321161478566981,3,0
2,1,1,28.0,0,0,13.0,S,Unknown,Miss,13.0,2.6390573296152584,1,1
2,0,0,32.0,0,0,13.0,S,Unknown,Mr,13.0,2.6390573296152584,1,1
2,0,0,17.0,0,0,73.5,S,Unknown,Mr,10.5,2.4423470353692043,1,1
2,0,0,29.0,1,0,27.7208,C,Unknown,Mr,13.8604,2.6986999568277366,2,0
2,1,1,24.0,1,0,27.7208,C,Unknown,Mrs,13.8604,2.6986999568277366,2,0
2,0,0,25.0,0,0,31.5,S,Unknown,Mr,10.5,2.4423470353692043,1,1
2,0,0,18.0,0,0,73.5,S,Unknown,Mr,10.5,2.4423470353692043,1,1
2,1,1,18.0,0,1,23.0,S,Unknown,Miss,11.5,2.5257286443082556,2,0
2,1,1,34.0,0,1,23.0,S,Unknown,Mrs,11.5,2.5257286443082556,2,0
2,0,0,54.0,0,0,26.0,S,Unknown,Mr,13.0,2.6390573296152584,1,1
2,1,0,8.0,0,2,32.5,S,Unknown,Master,10.833333333333334,2.4709204078132605,3,0
2,0,0,42.0,1,1,32.5,S,Unknown,Mr,10.833333333333334,2.4709204078132605,3,0
2,1,1,34.0,1,1,32.5,S,Unknown,Mrs,10.833333333333334,2.4709204078132605,3,0
2,1,1,27.0,1,0,13.8583,C,Unknown,Miss,13.8583,2.698558631668595,2,0
2,1,1,30.0,1,0,13.8583,C,Unknown,Miss,13.8583,2.698558631668595,2,0
2,0,0,23.0,0,0,13.0,S,Unknown,Mr,13.0,2.6390573296152584,1,1
2,0,0,21.0,0,0,13.0,S,Unknown,Mr,13.0,2.6390573296152584,1,1
2,0,0,18.0,0,0,13.0,S,Unknown,Mr,13.0,2.6390573296152584,1,1
2,0,0,40.0,1,0,26.0,S,Unknown,Mr,13.0,2.6390573296152584,2,0
2,1,1,29.0,1,0,26.0,S,Unknown,Mrs,13.0,2.6390573296152584,2,0
2,0,0,18.0,0,0,10.5,S,Unknown,Mr,10.5,2.4423470353692043,1,1
2,0,0,36.0,0,0,13.0,S,Unknown,Mr,13.0,2.6390573296152584,1,1
2,0,0,30.0,0,0,15.05,S,Unknown,Mr,15.05,2.775708849576025,1,1
2,0,1,38.0,0,0,13.0,S,Unknown,Miss,13.0,2.6390573296152584,1,1
2,0,0,35.0,0,0,26.0,S,Unknown,Mr,13.0,2.6390573296152584,1,1
2,0,0,38.0,1,0,21.0,S,Unknown,Mr,10.5,2.4423470353692043,2,0
2,0,0,34.0,1,0,21.0,S,Unknown,Mr,10.5,2.4423470353692043,2,0
2,1,1,34.0,0,0,13.0,S,Unknown,Miss,13.0,2.6390573296152584,1,1
2,0,0,16.0,0,0,26.0,S,Unknown,Mr,13.0,2.6390573296152584,1,1
2,0,0,26.0,0,0,10.5,S,Unknown,Mr,10.5,2.4423470353692043,1,1
2,0,0,47.0,0,0,10.5,S,Unknown,Mr,10.5,2.4423470353692043,1,1
2,0,0,21.0,1,0,11.5,S,Unknown,Mr,11.5,2.5257286443082556,2,0
2,0,0,21.0,1,0,11.5,S,Unknown,Mr,11.5,2.5257286443082556,2,0
2,0,0,24.0,0,0,13.5,S,Unknown,Mr,13.5,2.6741486494265287,1,1
2,0,0,24.0,0,0,13.0,S,Unknown,Mr,13.0,2.6390573296152584,1,1
2,0,0,34.0,0,0,13.0,S,Unknown,Mr,13.0,2.6390573296152584,1,1
2,0,0,30.0,0,0,13.0,S,Unknown,Mr,13.0,2.6390573296152584,1,1
2,0,0,52.0,0,0,13.0,S,Unknown,Mr,6.5,2.0149030205422647,1,1
2,0,0,30.0,0,0,13.0,S,Unknown,Mr,13.0,2.6390573296152584,1,1
2,1,0,0.6667,1,1,14.5,S,Unknown,Master,7.25,2.1102132003465894,3,0
2,1,1,24.0,0,2,14.5,S,Unknown,Mrs,7.25,2.1102132003465894,3,0
2,0,0,44.0,0,0,13.0,S,Unknown,Mr,13.0,2.6390573296152584,1,1
2,1,1,6.0,0,1,33.0,S,Unknown,Miss,11.0,2.4849066497880004,2,0
2,0,0,28.0,0,1,33.0,S,Unknown,Rare,11.0,2.4849066497880004,2,0
2,1,0,62.0,0,0,10.5,S,Unknown,Mr,10.5,2.4423470353692043,1,1
2,0,0,30.0,0,0,10.5,S,Unknown,Mr,10.5,2.4423470353692043,1,1
2,1,1,7.0,0,2,26.25,S,Unknown,Miss,8.75,2.277267285009756,3,0
2,0,0,43.0,1,1,26.25,S,Unknown,Mr,8.75,2.277267285009756,3,0
2,1,1,45.0,1,1,26.25,S,Unknown,Mrs,8.75,2.277267285009756,3,0
2,1,1,24.0,1,2,65.0,S,Unknown,Miss,13.0,2.6390573296152584,4,0
2,1,1,24.0,1,2,65.0,S,Unknown,Miss,13.0,2.6390573296152584,4,0
2,0,0,49.0,1,2,65.0,S,Unknown,Mr,13.0,2.6390573296152584,4,0
2,1,1,48.0,1,2,65.0,S,Unknown,Mrs,13.0,2.6390573296152584,4,0
2,1,1,55.0,0,0,16.0,S,Unknown,Mrs,16.0,2.833213344056216,1,1
2,0,0,24.0,2,0,73.5,S,Unknown,Mr,10.5,2.4423470353692043,3,0
2,0,0,32.0,2,0,73.5,S,Unknown,Mr,10.5,2.4423470353692043,3,0
2,0,0,21.0,2,0,73.5,S,Unknown,Mr,10.5,2.4423470353692043,3,0
2,0,1,18.0,1,1,13.0,S,Unknown,Miss,13.0,2.6390573296152584,3,0
2,1,1,20.0,2,1,23.0,S,Unknown,Miss,11.5,2.5257286443082556,4,0
2,0,0,23.0,2,1,11.5,S,Unknown,Mr,11.5,2.5257286443082556,4,0
2,0,0,36.0,0,0,13.0,S,Unknown,Mr,13.0,2.6390573296152584,1,1
2,1,1,54.0,1,3,23.0,S,Unknown,Mrs,11.5,2.5257286443082556,5,0
2,0,0,50.0,0,0,13.0,S,Unknown,Mr,13.0,2.6390573296152584,1,1
2,0,0,44.0,1,0,26.0,S,Unknown,Mr,13.0,2.6390573296152584,2,0
2,1,1,29.0,1,0,26.0,S,Unknown,Mrs,13.0,2.6390573296152584,2,0
2,0,0,21.0,0,0,73.5,S,Unknown,Mr,10.5,2.4423470353692043,1,1
2,1,0,42.0,0,0,13.0,S,Unknown,Mr,13.0,2.6390573296152584,1,1
2,0,0,63.0,1,0,26.0,S,Unknown,Mr,13.0,2.6390573296152584,2,0
2,0,1,60.0,1,0,26.0,S,Unknown,Mrs,13.0,2.6390573296152584,2,0
2,0,0,33.0,0,0,12.275,S,Unknown,Mr,12.275,2.5858825671280026,1,1
2,1,1,17.0,0,0,10.5,S,Unknown,Miss,10.5,2.4423470353692043,1,1
2,0,0,42.0,1,0,27.0,S,Unknown,Mr,13.5,2.6741486494265287,2,0
2,1,1,24.0,2,1,27.0,S,Unknown,Mrs,13.5,2.6741486494265287,4,0
2,0,0,47.0,0,0,15.0,S,Unknown,Mr,15.0,2.772588722239781,1,1
2,0,0,24.0,2,0,31.5,S,Unknown,Mr,10.5,2.4423470353692043,3,0
2,0,0,22.0,2,0,31.5,S,Unknown,Mr,10.5,2.4423470353692043,3,0
2,0,0,32.0,0,0,10.5,S,Unknown,Mr,10.5,2.4423470353692043,1,1
2,1,1,23.0,0,0,13.7917,C,D,Mrs,13.7917,2.694066212646058,1,1
2,0,0,34.0,1,0,26.0,S,Unknown,Mr,13.0,2.6390573296152584,2,0
2,1,1,24.0,1,0,26.0,S,Unknown,Mrs,13.0,2.6390573296152584,2,0
2,0,1,22.0,0,0,21.0,S,Unknown,Mrs,10.5,2.4423470353692043,1,1
2,1,1,20.0,0,0,12.35,Q,E,Miss,12.35,2.5915163848462583,1,1
2,0,0,35.0,0,0,12.35,Q,Unknown,Mr,12.35,2.5915163848462583,1,1
2,1,1,45.0,0,0,13.5,S,Unknown,Mrs,13.5,2.6741486494265287,1,1
2,0,0,57.0,0,0,12.35,Q,Unknown,Rare,12.35,2.5915163848462583,1,1
2,0,0,30.0,0,0,15.05,S,Unknown,Mr,15.05,2.775708849576025,1,1
2,0,0,31.0,0,0,10.5,S,Unknown,Mr,10.5,2.4423470353692043,1,1
2,0,1,26.0,1,1,26.0,S,Unknown,Mrs,13.0,2.6390573296152584,3,0
2,0,0,30.0,1,1,26.0,S,Unknown,Rare,13.0,2.6390573296152584,3,0
2,0,0,30.0,0,0,10.7083,Q,Unknown,Mr,10.7083,2.4602979920066583,1,1
2,1,1,1.0,1,2,41.5792,C,Unknown,Miss,10.3948,2.4331571109859165,4,0
2,1,1,3.0,1,2,41.5792,C,Unknown,Miss,10.3948,2.4331571109859165,4,0
2,0,0,25.0,1,2,41.5792,C,Unknown,Mr,10.3948,2.4331571109859165,4,0
2,1,1,22.0,1,2,41.5792,C,Unknown,Mrs,10.3948,2.4331571109859165,4,0
2,1,1,17.0,0,0,12.0,C,Unknown,Miss,12.0,2.5649493574615367,1,1
2,1,1,20.0,0,0,33.0,S,Unknown,Miss,11.0,2.4849066497880004,1,1
2,1,1,34.0,0,0,10.5,S,F,Mrs,10.5,2.4423470353692043,1,1
2,0,0,36.0,0,0,12.875,C,D,Mr,12.875,2.630088659632498,1,1
2,0,0,24.0,0,0,10.5,S,Unknown,Mr,10.5,2.4423470353692043,1,1
2,0,0,61.0,0,0,12.35,Q,Unknown,Mr,12.35,2.5915163848462583,1,1
2,0,0,50.0,1,0,26.0,S,Unknown,Mr,13.0,2.6390573296152584,2,0
2,1,1,42.0,1,0,26.0,S,Unknown,Mrs,13.0,2.6390573296152584,2,0
2,0,1,57.0,0,0,10.5,S,E,Mrs,5.25,1.8325814637483102,1,1
2,0,0,30.0,0,0,15.0458,C,D,Mr,15.0458,2.775447133088262,1,1
2,1,0,1.0,0,2,37.0042,C,Unknown,Master,12.334733333333332,2.5903721599337124,3,0
2,0,0,31.0,1,1,37.0042,C,Unknown,Mr,12.334733333333332,2.5903721599337124,3,0
2,1,1,24.0,1,1,37.0042,C,Unknown,Mrs,12.334733333333332,2.5903721599337124,3,0
2,0,0,30.0,0,0,15.5792,C,Unknown,Mr,15.5792,2.808148897638332,1,1
2,0,0,30.0,0,0,13.0,S,Unknown,Mr,13.0,2.6390573296152584,1,1
2,0,0,40.0,0,0,16.0,S,Unknown,Mr,16.0,2.833213344056216,1,1
2,0,0,32.0,0,0,13.5,S,Unknown,Mr,13.5,2.6741486494265287,1,1
2,0,0,30.0,0,0,13.0,S,Unknown,Mr,13.0,2.6390573296152584,1,1
2,0,0,46.0,0,0,26.0,S,Unknown,Mr,13.0,2.6390573296152584,1,1
2,1,1,13.0,0,1,19.5,S,Unknown,Miss,9.75,2.3749057545736716,2,0
2,1,1,41.0,0,1,19.5,S,Unknown,Mrs,9.75,2.3749057545736716,2,0
2,1,0,19.0,0,0,10.5,S,Unknown,Mr,10.5,2.4423470353692043,1,1
2,0,0,39.0,0,0,13.0,S,Unknown,Mr,13.0,2.6390573296152584,1,1
2,0,0,48.0,0,0,13.0,S,Unknown,Mr,13.0,2.6390573296152584,1,1
2,0,0,70.0,0,0,10.5,S,Unknown,Mr,10.5,2.4423470353692043,1,1
2,0,0,27.0,0,0,13.0,S,Unknown,Rare,13.0,2.6390573296152584,1,1
2,0,0,54.0,0,0,14.0,S,Unknown,Rare,14.0,2.70805020110221,1,1
2,0,0,39.0,0,0,26.0,S,Unknown,Mr,13.0,2.6390573296152584,1,1
2,0,0,16.0,0,0,10.5,S,Unknown,Mr,5.25,1.8325814637483102,1,1
2,0,0,62.0,0,0,9.6875,Q,Unknown,Mr,9.6875,2.3690748342628787,1,1
2,0,0,32.5,1,0,30.0708,C,Unknown,Mr,15.0354,2.774798778265854,2,0
2,1,1,14.0,1,0,30.0708,C,Unknown,Mrs,15.0354,2.774798778265854,2,0
2,1,0,2.0,1,1,26.0,S,F,Master,8.666666666666666,2.268683541318364,3,0
2,1,0,3.0,1,1,26.0,S,F,Master,8.666666666666666,2.268683541318364,3,0
2,0,0,36.5,0,2,26.0,S,F,Mr,8.666666666666666,2.268683541318364,3,0
2,0,0,26.0,0,0,13.0,S,F,Mr,13.0,2.6390573296152584,1,1
2,0,0,19.0,1,1,36.75,S,Unknown,Mr,9.1875,2.321161478566981,3,0
2,0,0,28.0,0,0,13.5,S,Unknown,Mr,13.5,2.6741486494265287,1,1
2,1,0,20.0,0,0,13.8625,C,D,Mr,13.8625,2.6988412620169004,1,1
2,1,1,29.0,0,0,10.5,S,F,Mrs,10.5,2.4423470353692043,1,1
2,0,0,39.0,0,0,13.0,S,Unknown,Mr,13.0,2.6390573296152584,1,1
2,1,0,22.0,0,0,10.5,S,Unknown,Mr,10.5,2.4423470353692043,1,1
2,1,0,30.0,0,0,13.8625,C,Unknown,Mr,13.8625,2.6988412620169004,1,1
2,0,0,23.0,0,0,10.5,S,Unknown,Rare,10.5,2.4423470353692043,1,1
2,1,0,29.0,0,0,13.8583,C,Unknown,Mr,13.8583,2.698558631668595,1,1
2,0,0,28.0,0,0,10.5,S,Unknown,Mr,10.5,2.4423470353692043,1,1
2,0,0,30.0,0,0,15.05,S,Unknown,Mr,5.016666666666667,1.7945333961107803,1,1
2,1,1,50.0,0,1,26.0,S,Unknown,Mrs,13.0,2.6390573296152584,2,0
2,0,0,19.0,0,0,10.5,S,Unknown,Mr,10.5,2.4423470353692043,1,1
2,0,0,30.0,0,0,15.05,C,Unknown,Mr,15.05,2.775708849576025,1,1
2,0,0,41.0,0,0,13.0,S,Unknown,Rare,13.0,2.6390573296152584,1,1
2,1,1,21.0,0,1,21.0,S,Unknown,Miss,10.5,2.4423470353692043,2,0
2,1,1,19.0,0,0,26.0,S,Unknown,Miss,13.0,2.6390573296152584,1,1
2,0,0,43.0,0,1,21.0,S,Unknown,Mr,10.5,2.4423470353692043,2,0
2,1,1,32.0,0,0,13.0,S,Unknown,Mrs,13.0,2.6390573296152584,1,1
2,0,0,34.0,0,0,13.0,S,Unknown,Mr,6.5,2.0149030205422647,1,1
2,1,0,30.0,0,0,12.7375,C,Unknown,Mr,12.7375,2.62012931972974,1,1
2,0,0,27.0,0,0,15.0333,C,Unknown,Mr,15.0333,2.7746678094393658,1,1
2,1,1,2.0,1,1,26.0,S,Unknown,Miss,8.666666666666666,2.268683541318364,3,0
2,1,1,8.0,1,1,26.0,S,Unknown,Miss,8.666666666666666,2.268683541318364,3,0
2,1,1,33.0,0,2,26.0,S,Unknown,Mrs,8.666666666666666,2.268683541318364,3,0
2,0,0,36.0,0,0,10.5,S,Unknown,Mr,10.5,2.4423470353692043,1,1
2,0,0,34.0,1,0,21.0,S,Unknown,Mr,10.5,2.4423470353692043,2,0
2,1,1,30.0,3,0,21.0,S,Unknown,Mrs,10.5,2.4423470353692043,4,0
2,1,1,28.0,0,0,13.0,S,Unknown,Miss,13.0,2.6390573296152584,1,1
2,0,0,23.0,0,0,15.0458,C,Unknown,Mr,15.0458,2.775447133088262,1,1
2,1,0,0.8333,1,1,18.75,S,Unknown,Master,6.25,1.9810014688665833,3,0
2,1,0,3.0,1,1,18.75,S,Unknown,Master,6.25,1.9810014688665833,3,0
2,1,1,24.0,2,3,18.75,S,Unknown,Mrs,6.25,1.9810014688665833,6,0
2,1,1,50.0,0,0,10.5,S,Unknown,Miss,10.5,2.4423470353692043,1,1
2,0,0,19.0,0,0,10.5,S,Unknown,Mr,10.5,2.4423470353692043,1,1
2,1,1,21.0,0,0,10.5,S,Unknown,Miss,10.5,2.4423470353692043,1,1
2,0,0,26.0,0,0,13.0,S,Unknown,Mr,13.0,2.6390573296152584,1,1
2,0,0,25.0,0,0,13.0,S,Unknown,Mr,13.0,2.6390573296152584,1,1
2,0,0,27.0,0,0,26.0,S,Unknown,Mr,13.0,2.6390573296152584,1,1
2,1,1,25.0,0,1,26.0,S,Unknown,Mrs,13.0,2.6390573296152584,2,0
2,1,1,18.0,0,2,13.0,S,Unknown,Miss,13.0,2.6390573296152584,3,0
2,1,1,20.0,0,0,36.75,S,Unknown,Miss,9.1875,2.321161478566981,1,1
2,1,1,30.0,0,0,13.0,S,Unknown,Miss,13.0,2.6390573296152584,1,1
2,0,0,59.0,0,0,13.5,S,Unknown,Mr,13.5,2.6741486494265287,1,1
2,1,1,30.0,0,0,12.35,Q,Unknown,Miss,12.35,2.5915163848462583,1,1
2,0,0,35.0,0,0,10.5,S,Unknown,Mr,10.5,2.4423470353692043,1,1
2,1,1,40.0,0,0,13.0,S,Unknown,Miss,13.0,2.6390573296152584,1,1
2,0,0,25.0,0,0,13.0,S,Unknown,Mr,13.0,2.6390573296152584,1,1
2,0,0,41.0,0,0,15.0458,C,Unknown,Mr,15.0458,2.775447133088262,1,1
2,0,0,25.0,0,0,10.5,S,Unknown,Mr,10.5,2.4423470353692043,1,1
2,0,0,18.5,0,0,13.0,S,F,Mr,13.0,2.6390573296152584,1,1
2,0,0,14.0,0,0,65.0,S,Unknown,Mr,13.0,2.6390573296152584,1,1
2,1,1,50.0,0,0,10.5,S,Unknown,Miss,10.5,2.4423470353692043,1,1
2,0,0,23.0,0,0,13.0,S,Unknown,Mr,13.0,2.6390573296152584,1,1
2,1,1,28.0,0,0,12.65,S,Unknown,Mrs,12.65,2.613739521630969,1,1
2,1,1,27.0,0,0,10.5,S,E,Miss,10.5,2.4423470353692043,1,1
2,0,0,29.0,1,0,21.0,S,Unknown,Mr,10.5,2.4423470353692043,2,0
2,0,1,27.0,1,0,21.0,S,Unknown,Mrs,10.5,2.4423470353692043,2,0
2,0,0,40.0,0,0,13.0,S,Unknown,Mr,13.0,2.6390573296152584,1,1
2,1,1,31.0,0,0,21.0,S,Unknown,Miss,10.5,2.4423470353692043,1,1
2,0,0,30.0,1,0,21.0,S,Unknown,Mr,10.5,2.4423470353692043,2,0
2,0,0,23.0,1,0,10.5,S,Unknown,Mr,10.5,2.4423470353692043,2,0
2,1,1,31.0,0,0,21.0,S,Unknown,Mrs,10.5,2.4423470353692043,1,1
2,0,0,30.0,0,0,15.05,S,Unknown,Mr,15.05,2.775708849576025,1,1
2,1,1,12.0,0,0,15.75,S,Unknown,Miss,7.875,2.1832383353614797,1,1
2,1,1,40.0,0,0,15.75,S,Unknown,Mrs,7.875,2.1832383353614797,1,1
2,1,1,32.5,0,0,13.0,S,E,Miss,13.0,2.6390573296152584,1,1
2,0,0,27.0,1,0,26.0,S,Unknown,Mr,13.0,2.6390573296152584,2,0
2,1,1,29.0,1,0,26.0,S,Unknown,Mrs,13.0,2.6390573296152584,2,0
2,1,0,2.0,1,1,23.0,S,Unknown,Master,7.666666666666667,2.1594842493533726,3,0
2,1,1,4.0,1,1,23.0,S,Unknown,Miss,7.666666666666667,2.1594842493533726,3,0
2,1,1,29.0,0,2,23.0,S,Unknown,Mrs,7.666666666666667,2.1594842493533726,3,0
2,1,1,0.9167,1,2,27.75,S,Unknown,Miss,6.9375,2.07159836421881,4,0
2,1,1,5.0,1,2,27.75,S,Unknown,Miss,6.9375,2.07159836421881,4,0
2,0,0,36.0,1,2,27.75,S,Unknown,Mr,6.9375,2.07159836421881,4,0
2,1,1,33.0,1,2,27.75,S,Unknown,Mrs,6.9375,2.07159836421881,4,0
2,0,0,66.0,0,0,10.5,S,Unknown,Mr,10.5,2.4423470353692043,1,1
2,0,0,30.0,0,0,12.875,S,Unknown,Mr,12.875,2.630088659632498,1,1
2,1,0,31.0,0,0,13.0,S,Unknown,Mr,13.0,2.6390573296152584,1,1
2,1,0,30.0,0,0,13.0,S,Unknown,Mr,13.0,2.6390573296152584,1,1
2,1,1,26.0,0,0,13.5,S,Unknown,Miss,13.5,2.6741486494265287,1,1
2,0,1,24.0,0,0,13.0,S,Unknown,Miss,13.0,2.6390573296152584,1,1
3,0,0,42.0,0,0,7.55,S,Unknown,Mr,7.55,2.145931282948669,1,1
3,0,0,13.0,0,2,20.25,S,Unknown,Master,6.75,2.0476928433652555,3,0
3,0,0,16.0,1,1,20.25,S,Unknown,Mr,6.75,2.0476928433652555,3,0
3,1,1,35.0,1,1,20.25,S,Unknown,Mrs,6.75,2.0476928433652555,3,0
3,1,1,16.0,0,0,7.65,S,Unknown,Miss,7.65,2.157559320943788,1,1
3,1,0,25.0,0,0,7.65,S,F,Mr,7.65,2.157559320943788,1,1
3,1,0,20.0,0,0,7.925,S,Unknown,Mr,7.925,2.188856327665703,1,1
3,1,1,18.0,0,0,7.2292,C,Unknown,Mrs,7.2292,2.1076888046179385,1,1
3,0,0,30.0,0,0,7.25,S,Unknown,Mr,7.25,2.1102132003465894,1,1
3,0,0,26.0,0,0,8.05,S,Unknown,Mr,8.05,2.2027647577118348,1,1
3,0,1,40.0,1,0,9.475,S,Unknown,Mrs,9.475,2.348991465808201,2,0
3,1,0,0.8333,0,1,9.35,S,Unknown,Master,4.675,1.7360705633674662,2,0
3,1,1,18.0,0,1,9.35,S,Unknown,Mrs,4.675,1.7360705633674662,2,0
3,1,0,26.0,0,0,18.7875,C,Unknown,Mr,9.39375,2.341204663959101,1,1
3,0,0,26.0,0,0,7.8875,S,Unknown,Mr,7.8875,2.184645795129359,1,1
3,0,0,20.0,0,0,7.925,S,Unknown,Mr,7.925,2.188856327665703,1,1
3,0,0,24.0,0,0,7.05,S,Unknown,Mr,7.05,2.0856720914304723,1,1
3,0,0,25.0,0,0,7.05,S,Unknown,Mr,7.05,2.0856720914304723,1,1
3,0,0,35.0,0,0,8.05,S,Unknown,Mr,8.05,2.2027647577118348,1,1
3,0,0,18.0,0,0,8.3,S,Unknown,Mr,8.3,2.2300144001592104,1,1
3,0,0,32.0,0,0,22.525,S,Unknown,Mr,7.508333333333333,2.1410460753826195,1,1
3,1,1,19.0,1,0,7.8542,S,Unknown,Miss,7.8542,2.180891922715322,2,0
3,0,0,4.0,4,2,31.275,S,Unknown,Master,4.4678571428571425,1.698886792488434,7,0
3,0,1,6.0,4,2,31.275,S,Unknown,Miss,4.4678571428571425,1.698886792488434,7,0
3,0,1,2.0,4,2,31.275,S,Unknown,Miss,4.4678571428571425,1.698886792488434,7,0
3,1,1,17.0,4,2,7.925,S,Unknown,Miss,7.925,2.188856327665703,7,0
3,0,1,38.0,4,2,7.775,S,Unknown,Miss,7.775,2.1719067693519296,7,0
3,0,1,9.0,4,2,31.275,S,Unknown,Miss,4.4678571428571425,1.698886792488434,7,0
3,0,1,11.0,4,2,31.275,S,Unknown,Miss,4.4678571428571425,1.698886792488434,7,0
3,0,0,39.0,1,5,31.275,S,Unknown,Mr,4.4678571428571425,1.698886792488434,7,0
3,1,0,27.0,0,0,7.7958,S,Unknown,Mr,7.7958,2.174274334826008,1,1
3,0,0,26.0,0,0,7.775,S,Unknown,Mr,7.775,2.1719067693519296,1,1
3,0,1,39.0,1,5,31.275,S,Unknown,Mrs,4.4678571428571425,1.698886792488434,7,0
3,0,0,20.0,0,0,7.8542,S,Unknown,Mr,7.8542,2.180891922715322,1,1
3,0,0,26.0,0,0,7.8958,S,Unknown,Mr,7.8958,2.1855792552411137,1,1
3,0,0,25.0,1,0,17.8,S,Unknown,Mr,8.9,2.2925347571405443,2,0
3,0,1,18.0,1,0,17.8,S,Unknown,Mrs,8.9,2.2925347571405443,2,0
3,0,0,24.0,0,0,7.775,S,Unknown,Mr,7.775,2.1719067693519296,1,1
3,0,0,35.0,0,0,7.05,S,Unknown,Mr,7.05,2.0856720914304723,1,1
3,0,0,5.0,4,2,31.3875,S,Unknown,Master,4.483928571428572,1.7018217367116275,7,0
3,0,0,9.0,4,2,31.3875,S,Unknown,Master,4.483928571428572,1.7018217367116275,7,0
3,1,0,3.0,4,2,31.3875,S,Unknown,Master,4.483928571428572,1.7018217367116275,7,0
3,0,0,13.0,4,2,31.3875,S,Unknown,Master,4.483928571428572,1.7018217367116275,7,0
3,1,1,5.0,4,2,31.3875,S,Unknown,Miss,4.483928571428572,1.7018217367116275,7,0
3,0,0,40.0,1,5,31.3875,S,Unknown,Mr,4.483928571428572,1.7018217367116275,7,0
3,1,0,23.0,0,0,7.7958,S,Unknown,Mr,7.7958,2.174274334826008,1,1
3,1,1,38.0,1,5,31.3875,S,Unknown,Mrs,4.483928571428572,1.7018217367116275,7,0
3,1,1,45.0,0,0,7.225,C,Unknown,Mrs,7.225,2.1071782966514356,1,1
3,0,0,21.0,0,0,7.225,C,Unknown,Mr,7.225,2.1071782966514356,1,1
3,0,0,23.0,0,0,7.05,S,Unknown,Mr,7.05,2.0856720914304723,1,1
3,0,1,17.0,0,0,14.4583,C,Unknown,Miss,7.22915,2.107682728674724,1,1
3,0,0,30.0,0,0,7.225,C,Unknown,Mr,7.225,2.1071782966514356,1,1
3,0,0,23.0,0,0,7.8542,S,Unknown,Mr,7.8542,2.180891922715322,1,1
3,1,1,13.0,0,0,7.2292,C,Unknown,Miss,7.2292,2.1076888046179385,1,1
3,0,0,20.0,0,0,7.225,C,Unknown,Mr,7.225,2.1071782966514356,1,1
3,0,0,32.0,1,0,15.85,S,Unknown,Mr,7.925,2.188856327665703,2,0
3,1,1,33.0,3,0,15.85,S,Unknown,Mrs,7.925,2.188856327665703,4,0
3,1,1,0.75,2,1,19.2583,C,Unknown,Miss,4.814575,1.7603676964552861,4,0
3,1,1,0.75,2,1,19.2583,C,Unknown,Miss,4.814575,1.7603676964552861,4,0
3,1,1,5.0,2,1,19.2583,C,Unknown,Miss,4.814575,1.7603676964552861,4,0
3,1,1,24.0,0,3,19.2583,C,Unknown,Mrs,4.814575,1.7603676964552861,4,0
3,1,1,18.0,0,0,8.05,S,Unknown,Miss,8.05,2.2027647577118348,1,1
3,0,0,40.0,0,0,7.225,C,Unknown,Mr,7.225,2.1071782966514356,1,1
3,0,0,26.0,0,0,7.8958,S,Unknown,Mr,7.8958,2.1855792552411137,1,1
3,1,0,20.0,0,0,7.2292,C,Unknown,Mr,7.2292,2.1076888046179385,1,1
3,0,1,18.0,0,1,14.4542,C,Unknown,Miss,7.2271,2.107433583211985,2,0
3,0,1,45.0,0,1,14.4542,C,Unknown,Mrs,7.2271,2.107433583211985,2,0
3,0,1,27.0,0,0,7.8792,Q,Unknown,Miss,7.8792,2.1837114628556327,1,1
3,0,0,22.0,0,0,8.05,S,Unknown,Mr,8.05,2.2027647577118348,1,1
3,0,0,19.0,0,0,8.05,S,Unknown,Mr,8.05,2.2027647577118348,1,1
3,0,0,26.0,0,0,7.775,S,Unknown,Mr,7.775,2.1719067693519296,1,1
3,0,0,22.0,0,0,9.35,S,Unknown,Mr,9.35,2.336986519711378,1,1
3,0,0,6.0,0,0,7.2292,C,Unknown,Master,7.2292,2.1076888046179385,1,1
3,0,0,20.0,0,0,4.0125,C,Unknown,Mr,4.0125,1.6119347926326877,1,1
3,1,0,32.0,0,0,56.4958,S,Unknown,Mr,7.061975,2.087158563722664,1,1
3,0,0,21.0,0,0,7.775,S,Unknown,Mr,7.775,2.1719067693519296,1,1
3,0,0,18.0,0,0,7.75,S,Unknown,Mr,7.75,2.169053700369523,1,1
3,0,0,26.0,0,0,7.8958,S,Unknown,Mr,7.8958,2.1855792552411137,1,1
3,0,0,6.0,1,1,15.2458,C,Unknown,Master,5.081933333333333,1.8053226278885095,3,0
3,0,1,9.0,1,1,15.2458,C,Unknown,Miss,5.081933333333333,1.8053226278885095,3,0
3,0,0,26.0,0,0,7.225,C,Unknown,Mr,7.225,2.1071782966514356,1,1
3,0,1,31.0,0,2,15.2458,C,Unknown,Mrs,5.081933333333333,1.8053226278885095,3,0
3,0,1,18.0,0,2,7.75,Q,Unknown,Miss,7.75,2.169053700369523,3,0
3,0,0,40.0,1,1,15.5,Q,Unknown,Mr,7.75,2.169053700369523,3,0
3,0,1,32.0,1,1,15.5,Q,Unknown,Mrs,7.75,2.169053700369523,3,0
3,0,0,21.0,0,0,16.1,S,Unknown,Mr,8.05,2.2027647577118348,1,1
3,1,1,22.0,0,0,7.725,Q,Unknown,Miss,7.725,2.1661924680884908,1,1
3,0,1,20.0,0,0,7.8542,S,Unknown,Miss,7.8542,2.180891922715322,1,1
3,0,0,29.0,1,0,7.0458,S,Unknown,Mr,7.0458,2.0851502161468174,2,0
3,0,0,22.0,1,0,7.25,S,Unknown,Mr,7.25,2.1102132003465894,2,0
3,0,0,22.0,0,0,7.7958,S,Unknown,Mr,7.7958,2.174274334826008,1,1
3,0,0,35.0,0,0,8.05,S,Unknown,Mr,8.05,2.2027647577118348,1,1
3,0,1,18.5,0,0,7.2833,Q,Unknown,Miss,7.2833,2.114241439721562,1,1
3,1,0,21.0,0,0,7.8208,Q,Unknown,Mr,7.8208,2.177112568853282,1,1
3,0,0,19.0,0,0,6.75,Q,Unknown,Mr,6.75,2.0476928433652555,1,1
3,0,1,18.0,0,0,7.8792,Q,Unknown,Miss,7.8792,2.1837114628556327,1,1
3,0,1,21.0,0,0,8.6625,S,Unknown,Miss,8.6625,2.2682524139135403,1,1
3,0,1,30.0,0,0,8.6625,S,Unknown,Miss,8.6625,2.2682524139135403,1,1
3,0,0,18.0,0,0,8.6625,S,Unknown,Mr,8.6625,2.2682524139135403,1,1
3,0,0,38.0,0,0,8.6625,S,Unknown,Mr,8.6625,2.2682524139135403,1,1
3,0,0,17.0,0,0,8.6625,S,Unknown,Mr,8.6625,2.2682524139135403,1,1
3,0,0,17.0,0,0,8.6625,S,Unknown,Mr,8.6625,2.2682524139135403,1,1
3,0,1,21.0,0,0,7.75,Q,Unknown,Miss,7.75,2.169053700369523,1,1
3,0,0,21.0,0,0,7.75,Q,Unknown,Mr,7.75,2.169053700369523,1,1
3,0,0,21.0,0,0,8.05,S,Unknown,Mr,8.05,2.2027647577118348,1,1
3,0,0,26.0,1,0,14.4583,C,Unknown,Mr,7.22915,2.107682728674724,2,0
3,0,1,31.0,1,0,14.4583,C,Unknown,Mrs,7.22915,2.107682728674724,2,0
3,0,0,28.0,0,0,7.7958,S,Unknown,Mr,7.7958,2.174274334826008,1,1
3,0,0,24.0,0,0,7.8542,S,Unknown,Mr,7.8542,2.180891922715322,1,1
3,1,1,16.0,0,0,7.75,Q,Unknown,Miss,7.75,2.169053700369523,1,1
3,0,1,37.0,0,0,7.75,Q,Unknown,Miss,7.75,2.169053700369523,1,1
3,0,0,28.0,0,0,7.25,S,Unknown,Mr,7.25,2.1102132003465894,1,1
3,0,0,24.0,0,0,8.05,S,Unknown,Mr,8.05,2.2027647577118348,1,1
3,0,0,21.0,0,0,7.7333,Q,Unknown,Mr,7.7333,2.167143305297764,1,1
3,1,0,32.0,0,0,56.4958,S,Unknown,Mr,7.061975,2.087158563722664,1,1
3,0,0,29.0,0,0,8.05,S,Unknown,Mr,8.05,2.2027647577118348,1,1
3,0,0,26.0,1,0,14.4542,C,Unknown,Mr,7.2271,2.107433583211985,2,0
3,0,0,18.0,1,0,14.4542,C,Unknown,Mr,7.2271,2.107433583211985,2,0
3,0,0,20.0,0,0,7.05,S,Unknown,Mr,7.05,2.0856720914304723,1,1
3,1,0,18.0,0,0,8.05,S,Unknown,Mr,8.05,2.2027647577118348,1,1
3,0,0,24.0,0,0,7.25,Q,Unknown,Mr,7.25,2.1102132003465894,1,1
3,0,0,36.0,0,0,7.4958,S,Unknown,Mr,7.4958,2.139571923732859,1,1
3,0,0,24.0,0,0,7.4958,S,Unknown,Mr,7.4958,2.139571923732859,1,1
3,0,0,31.0,0,0,7.7333,Q,Unknown,Mr,7.7333,2.167143305297764,1,1
3,0,0,31.0,0,0,7.75,Q,Unknown,Mr,7.75,2.169053700369523,1,1
3,1,1,22.0,0,0,7.75,Q,Unknown,Miss,7.75,2.169053700369523,1,1
3,0,1,30.0,0,0,7.6292,Q,Unknown,Miss,7.6292,2.155151800914312,1,1
3,0,0,70.5,0,0,7.75,Q,Unknown,Mr,7.75,2.169053700369523,1,1
3,0,0,43.0,0,0,8.05,S,Unknown,Mr,8.05,2.2027647577118348,1,1
3,0,0,35.0,0,0,7.8958,S,Unknown,Mr,7.8958,2.1855792552411137,1,1
3,0,0,27.0,0,0,7.8958,S,Unknown,Mr,7.8958,2.1855792552411137,1,1
3,0,0,19.0,0,0,7.8958,S,Unknown,Mr,7.8958,2.1855792552411137,1,1
3,0,0,30.0,0,0,8.05,S,Unknown,Mr,8.05,2.2027647577118348,1,1
3,1,0,9.0,1,1,15.9,S,Unknown,Master,5.3,1.840549633397487,3,0
3,1,0,3.0,1,1,15.9,S,Unknown,Master,5.3,1.840549633397487,3,0
3,1,1,36.0,0,2,15.9,S,Unknown,Mrs,5.3,1.840549633397487,3,0
3,0,0,59.0,0,0,7.25,S,Unknown,Mr,7.25,2.1102132003465894,1,1
3,0,0,19.0,0,0,8.1583,S,Unknown,Mr,8.1583,2.2146605719425225,1,1
3,1,1,17.0,0,1,16.1,S,Unknown,Miss,8.05,2.2027647577118348,2,0
3,0,0,44.0,0,1,16.1,S,Unknown,Mr,8.05,2.2027647577118348,2,0
3,0,0,17.0,0,0,8.6625,S,Unknown,Mr,8.6625,2.2682524139135403,1,1
3,0,0,22.5,0,0,7.225,C,Unknown,Mr,7.225,2.1071782966514356,1,1
3,1,0,45.0,0,0,8.05,S,Unknown,Mr,8.05,2.2027647577118348,1,1
3,0,1,22.0,0,0,10.5167,S,Unknown,Miss,10.5167,2.4437981558973862,1,1
3,0,0,19.0,0,0,10.1708,S,Unknown,Mr,10.1708,2.4133032309283076,1,1
3,1,1,30.0,0,0,6.95,Q,Unknown,Miss,6.95,2.0731719286662407,1,1
3,1,0,29.0,0,0,7.75,Q,Unknown,Mr,7.75,2.169053700369523,1,1
3,0,0,0.3333,0,2,14.4,S,Unknown,Master,4.8,1.7578579175523736,3,0
3,0,0,34.0,1,1,14.4,S,Unknown,Mr,4.8,1.7578579175523736,3,0
3,0,1,28.0,1,1,14.4,S,Unknown,Mrs,4.8,1.7578579175523736,3,0
3,0,0,27.0,0,0,7.8958,S,Unknown,Mr,7.8958,2.1855792552411137,1,1
3,0,0,25.0,0,0,7.8958,S,Unknown,Mr,7.8958,2.1855792552411137,1,1
3,0,0,24.0,2,0,24.15,S,Unknown,Mr,8.049999999999999,2.2027647577118348,3,0
3,0,0,22.0,0,0,8.05,S,Unknown,Mr,8.05,2.2027647577118348,1,1
3,0,0,21.0,2,0,24.15,S,Unknown,Mr,8.049999999999999,2.2027647577118348,3,0
3,0,0,17.0,2,0,8.05,S,Unknown,Mr,8.05,2.2027647577118348,3,0
3,0,0,26.0,1,0,16.1,S,Unknown,Mr,8.05,2.2027647577118348,2,0
3,1,1,31.0,1,0,16.1,S,Unknown,Mrs,8.05,2.2027647577118348,2,0
3,1,0,36.5,1,0,17.4,S,Unknown,Mr,8.7,2.272125885509337,2,0
3,1,1,36.0,1,0,17.4,S,Unknown,Mrs,8.7,2.272125885509337,2,0
3,1,0,30.0,0,0,9.5,S,Unknown,Mr,9.5,2.3513752571634776,1,1
3,0,0,16.0,0,0,9.5,S,Unknown,Mr,9.5,2.3513752571634776,1,1
3,1,0,1.0,1,2,20.575,S,Unknown,Master,5.14375,1.8154353049133396,4,0
3,1,1,0.1667,1,2,20.575,S,Unknown,Miss,5.14375,1.8154353049133396,4,0
3,0,0,26.0,1,2,20.575,S,Unknown,Mr,5.14375,1.8154353049133396,4,0
3,1,1,33.0,1,2,20.575,S,Unknown,Mrs,5.14375,1.8154353049133396,4,0
3,0,0,25.0,0,0,7.8958,S,Unknown,Mr,7.8958,2.1855792552411137,1,1
3,0,0,26.0,0,0,7.8958,S,Unknown,Mr,7.8958,2.1855792552411137,1,1
3,0,0,26.0,0,0,7.8958,S,Unknown,Mr,7.8958,2.1855792552411137,1,1
3,0,0,22.0,0,0,7.25,S,Unknown,Mr,7.25,2.1102132003465894,1,1
3,0,0,36.0,0,0,7.25,S,Unknown,Mr,7.25,2.1102132003465894,1,1
3,1,1,19.0,0,0,7.8792,Q,Unknown,Miss,7.8792,2.1837114628556327,1,1
3,0,0,17.0,0,0,7.8958,S,Unknown,Mr,7.8958,2.1855792552411137,1,1
3,0,0,42.0,0,0,8.6625,S,Unknown,Mr,8.6625,2.2682524139135403,1,1
3,0,0,43.0,0,0,7.8958,S,Unknown,Mr,7.8958,2.1855792552411137,1,1
3,0,0,26.0,0,0,7.2292,C,Unknown,Mr,7.2292,2.1076888046179385,1,1
3,0,0,32.0,0,0,7.75,Q,Unknown,Mr,7.75,2.169053700369523,1,1
3,1,0,19.0,0,0,8.05,S,Unknown,Mr,8.05,2.2027647577118348,1,1
3,1,1,30.0,0,0,12.475,S,Unknown,Miss,6.2375,1.9792758428991135,1,1
3,0,1,24.0,0,0,7.75,Q,Unknown,Miss,7.75,2.169053700369523,1,1
3,1,1,23.0,0,0,8.05,S,Unknown,Miss,8.05,2.2027647577118348,1,1
3,0,0,33.0,0,0,7.8958,C,Unknown,Mr,7.8958,2.1855792552411137,1,1
3,0,0,65.0,0,0,7.75,Q,Unknown,Mr,7.75,2.169053700369523,1,1
3,1,0,24.0,0,0,7.55,S,Unknown,Mr,7.55,2.145931282948669,1,1
3,0,0,23.0,1,0,13.9,S,Unknown,Mr,6.95,2.0731719286662407,2,0
3,1,1,22.0,1,0,13.9,S,Unknown,Mrs,6.95,2.0731719286662407,2,0
3,0,0,18.0,0,0,7.775,S,Unknown,Mr,7.775,2.1719067693519296,1,1
3,0,0,16.0,0,0,7.775,S,Unknown,Mr,7.775,2.1719067693519296,1,1
3,0,0,45.0,0,0,6.975,S,Unknown,Mr,6.975,2.076311648670908,1,1
3,0,0,26.0,0,0,7.225,C,Unknown,Mr,7.225,2.1071782966514356,1,1
3,0,0,39.0,0,2,7.2292,C,Unknown,Mr,7.2292,2.1076888046179385,3,0
3,0,0,17.0,1,1,7.2292,C,Unknown,Mr,7.2292,2.1076888046179385,3,0
3,0,0,15.0,1,1,7.2292,C,Unknown,Mr,7.2292,2.1076888046179385,3,0
3,0,0,47.0,0,0,7.25,S,Unknown,Mr,7.25,2.1102132003465894,1,1
3,1,1,5.0,0,0,12.475,S,Unknown,Miss,6.2375,1.9792758428991135,1,1
3,0,0,26.0,0,0,7.225,C,Unknown,Mr,7.225,2.1071782966514356,1,1
3,0,0,40.5,0,0,15.1,S,Unknown,Mr,7.55,2.145931282948669,1,1
3,0,0,40.5,0,0,7.75,Q,Unknown,Mr,7.75,2.169053700369523,1,1
3,1,0,26.0,0,0,7.05,S,Unknown,Mr,7.05,2.0856720914304723,1,1
3,0,0,18.0,0,0,7.7958,S,Unknown,Mr,7.7958,2.174274334826008,1,1
3,0,1,18.0,0,0,7.75,Q,Unknown,Miss,7.75,2.169053700369523,1,1
3,0,0,26.0,0,0,7.75,Q,Unknown,Mr,7.75,2.169053700369523,1,1
3,0,0,26.0,0,0,6.95,Q,Unknown,Mr,6.95,2.0731719286662407,1,1
3,0,0,26.0,0,0,7.8792,Q,Unknown,Mr,7.8792,2.1837114628556327,1,1
3,0,0,26.0,0,0,7.75,Q,Unknown,Mr,7.75,2.169053700369523,1,1
3,1,0,26.0,0,0,56.4958,S,Unknown,Mr,7.061975,2.087158563722664,1,1
3,0,1,21.0,2,2,34.375,S,Unknown,Miss,6.875,2.063693184711697,5,0
3,0,1,9.0,2,2,34.375,S,Unknown,Miss,6.875,2.063693184711697,5,0
3,0,0,26.0,0,0,8.05,S,Unknown,Mr,8.05,2.2027647577118348,1,1
3,0,0,18.0,2,2,34.375,S,Unknown,Mr,6.875,2.063693184711697,5,0
3,0,0,16.0,1,3,34.375,S,Unknown,Mr,6.875,2.063693184711697,5,0
3,0,1,48.0,1,3,34.375,S,Unknown,Mrs,6.875,2.063693184711697,5,0
3,0,0,26.0,0,0,7.75,Q,Unknown,Mr,7.75,2.169053700369523,1,1
3,0,0,26.0,0,0,7.25,S,Unknown,Mr,7.25,2.1102132003465894,1,1
3,0,0,25.0,0,0,7.7417,Q,Unknown,Mr,7.7417,2.1681046787623672,1,1
3,0,0,26.0,0,0,14.5,S,Unknown,Mr,7.25,2.1102132003465894,1,1
3,0,0,26.0,0,0,7.8958,C,Unknown,Mr,7.8958,2.1855792552411137,1,1
3,0,0,22.0,0,0,8.05,S,Unknown,Mr,8.05,2.2027647577118348,1,1
3,1,1,16.0,0,0,7.7333,Q,Unknown,Miss,7.7333,2.167143305297764,1,1
3,1,1,18.0,0,0,7.75,Q,Unknown,Miss,7.75,2.169053700369523,1,1
3,1,0,9.0,0,2,20.525,S,Unknown,Master,6.841666666666666,2.0594513968033334,3,0
3,0,0,33.0,1,1,20.525,S,Unknown,Mr,6.841666666666666,2.0594513968033334,3,0
3,0,0,41.0,0,0,7.85,S,Unknown,Mr,7.85,2.180417459019838,1,1
3,1,1,31.0,1,1,20.525,S,Unknown,Mrs,6.841666666666666,2.0594513968033334,3,0
3,0,0,38.0,0,0,7.05,S,Unknown,Mr,7.05,2.0856720914304723,1,1
3,0,0,9.0,5,2,46.9,S,Unknown,Master,5.8625,1.926071806835649,8,0
3,0,0,1.0,5,2,46.9,S,Unknown,Master,5.8625,1.926071806835649,8,0
3,0,0,11.0,5,2,46.9,S,Unknown,Master,5.8625,1.926071806835649,8,0
3,0,1,10.0,5,2,46.9,S,Unknown,Miss,5.8625,1.926071806835649,8,0
3,0,1,16.0,5,2,46.9,S,Unknown,Miss,5.8625,1.926071806835649,8,0
3,0,0,14.0,5,2,46.9,S,Unknown,Mr,5.8625,1.926071806835649,8,0
3,0,0,40.0,1,6,46.9,S,Unknown,Mr,5.8625,1.926071806835649,8,0
3,0,1,43.0,1,6,46.9,S,Unknown,Mrs,5.8625,1.926071806835649,8,0
3,0,0,51.0,0,0,8.05,S,Unknown,Mr,8.05,2.2027647577118348,1,1
3,0,0,32.0,0,0,8.3625,S,Unknown,Mr,8.3625,2.236712348843338,1,1
3,0,0,26.0,0,0,8.05,S,Unknown,Mr,8.05,2.2027647577118348,1,1
3,0,0,20.0,0,0,9.8458,S,Unknown,Mr,4.9229,1.7788261938161558,1,1
3,0,0,37.0,2,0,7.925,S,Unknown,Mr,7.925,2.188856327665703,3,0
3,0,0,28.0,2,0,7.925,S,Unknown,Mr,7.925,2.188856327665703,3,0
3,0,0,19.0,0,0,7.775,S,Unknown,Mr,7.775,2.1719067693519296,1,1
3,0,1,24.0,0,0,8.85,S,Unknown,Miss,8.85,2.2874714551839976,1,1
3,0,1,17.0,0,0,7.7333,Q,Unknown,Miss,7.7333,2.167143305297764,1,1
3,0,0,26.0,1,0,19.9667,S,Unknown,Mr,19.9667,3.0429354648621407,2,0
3,0,0,26.0,1,0,19.9667,S,Unknown,Mr,19.9667,3.0429354648621407,2,0
3,0,0,28.0,1,0,15.85,S,Unknown,Mr,7.925,2.188856327665703,2,0
3,1,1,24.0,1,0,15.85,S,Unknown,Mrs,7.925,2.188856327665703,2,0
3,0,0,20.0,0,0,9.5,S,Unknown,Mr,9.5,2.3513752571634776,1,1
3,0,0,23.5,0,0,7.2292,C,Unknown,Mr,7.2292,2.1076888046179385,1,1
3,0,0,41.0,2,0,14.1083,S,Unknown,Mr,7.05415,2.0861874865419017,3,0
3,0,0,26.0,1,0,7.8542,S,Unknown,Mr,7.8542,2.180891922715322,2,0
3,0,0,21.0,0,0,7.8542,S,Unknown,Mr,7.8542,2.180891922715322,1,1
3,1,1,45.0,1,0,14.1083,S,Unknown,Mrs,7.05415,2.0861874865419017,2,0
3,0,1,18.0,0,0,7.55,S,Unknown,Miss,7.55,2.145931282948669,1,1
3,0,0,25.0,0,0,7.25,S,Unknown,Mr,7.25,2.1102132003465894,1,1
3,0,0,26.0,0,0,6.8583,Q,Unknown,Mr,6.8583,2.061570298060867,1,1
3,0,0,11.0,0,0,18.7875,C,Unknown,Mr,9.39375,2.341204663959101,1,1
3,1,1,18.0,0,0,7.75,Q,Unknown,Miss,7.75,2.169053700369523,1,1
3,1,0,27.0,0,0,6.975,S,Unknown,Mr,6.975,2.076311648670908,1,1
3,1,0,26.0,0,0,56.4958,S,Unknown,Mr,7.061975,2.087158563722664,1,1
3,0,1,18.0,0,0,6.75,Q,Unknown,Miss,6.75,2.0476928433652555,1,1
3,1,1,26.0,0,0,7.925,S,Unknown,Miss,7.925,2.188856327665703,1,1
3,0,1,23.0,0,0,7.925,S,Unknown,Miss,7.925,2.188856327665703,1,1
3,1,1,22.0,0,0,8.9625,S,Unknown,Miss,8.9625,2.2988280441163336,1,1
3,0,0,28.0,0,0,7.8958,S,Unknown,Mr,7.8958,2.1855792552411137,1,1
3,0,1,28.0,0,0,7.775,S,Unknown,Miss,7.775,2.1719067693519296,1,1
3,0,1,18.0,0,0,7.75,Q,Unknown,Miss,7.75,2.169053700369523,1,1
3,1,1,2.0,0,1,12.2875,S,Unknown,Miss,6.14375,1.9662378485609837,2,0
3,1,1,22.0,1,1,12.2875,S,Unknown,Mrs,6.14375,1.9662378485609837,3,0
3,0,0,43.0,0,0,6.45,S,Unknown,Mr,6.45,2.0082140323914683,1,1
3,0,0,28.0,0,0,22.525,S,Unknown,Mr,7.508333333333333,2.1410460753826195,1,1
3,1,1,27.0,0,0,7.925,S,Unknown,Miss,7.925,2.188856327665703,1,1
3,0,0,26.0,0,0,7.75,Q,Unknown,Mr,7.75,2.169053700369523,1,1
3,1,1,18.0,0,0,8.05,S,Unknown,Miss,8.05,2.2027647577118348,1,1
3,0,0,42.0,0,0,7.65,S,F,Mr,7.65,2.157559320943788,1,1
3,1,0,26.0,0,0,7.8875,S,Unknown,Mr,7.8875,2.184645795129359,1,1
3,0,0,30.0,0,0,7.2292,C,Unknown,Mr,7.2292,2.1076888046179385,1,1
3,0,0,26.0,0,0,7.8958,S,Unknown,Mr,7.8958,2.1855792552411137,1,1
3,0,1,27.0,1,0,7.925,S,Unknown,Miss,7.925,2.188856327665703,2,0
3,0,1,25.0,1,0,7.925,S,Unknown,Miss,7.925,2.188856327665703,2,0
3,0,0,26.0,0,0,7.8958,S,Unknown,Mr,7.8958,2.1855792552411137,1,1
3,1,0,29.0,0,0,7.8958,C,Unknown,Mr,7.8958,2.1855792552411137,1,1
3,1,0,21.0,0,0,7.7958,S,Unknown,Mr,7.7958,2.174274334826008,1,1
3,0,0,26.0,0,0,7.05,S,Unknown,Mr,7.05,2.0856720914304723,1,1
3,0,0,20.0,0,0,7.8542,S,Unknown,Mr,7.8542,2.180891922715322,1,1
3,0,0,48.0,0,0,7.8542,S,Unknown,Mr,7.8542,2.180891922715322,1,1
3,0,0,17.0,1,0,7.0542,S,Unknown,Mr,7.0542,2.086193694502369,2,0
3,1,1,18.0,0,0,7.75,Q,Unknown,Miss,7.75,2.169053700369523,1,1
3,1,0,26.0,0,0,8.1125,S,Unknown,Mr,8.1125,2.2096470973347766,1,1
3,0,0,34.0,0,0,6.4958,S,Unknown,Mr,6.4958,2.0143428636837015,1,1
3,1,0,26.0,0,0,7.775,S,Unknown,Mr,7.775,2.1719067693519296,1,1
3,0,0,22.0,0,0,7.7958,S,Unknown,Mr,7.7958,2.174274334826008,1,1
3,0,0,33.0,0,0,8.6542,S,Unknown,Mr,8.6542,2.267393053825037,1,1
3,0,0,31.0,0,0,7.775,S,Unknown,Mr,7.775,2.1719067693519296,1,1
3,0,0,29.0,0,0,7.8542,S,Unknown,Mr,7.8542,2.180891922715322,1,1
3,1,0,4.0,1,1,11.1333,S,Unknown,Master,3.7111,1.5499214264083454,3,0
3,1,1,1.0,1,1,11.1333,S,Unknown,Miss,3.7111,1.5499214264083454,3,0
3,0,0,49.0,0,0,8.05,S,Unknown,Mr,2.0125,1.1027702988167734,1,1
3,0,0,33.0,0,0,7.775,S,Unknown,Mr,7.775,2.1719067693519296,1,1
3,0,0,19.0,0,0,8.05,S,Unknown,Mr,2.0125,1.1027702988167734,1,1
3,1,1,27.0,0,2,11.1333,S,Unknown,Mrs,3.7111,1.5499214264083454,3,0
3,0,0,6.0,1,2,23.45,S,Unknown,Master,5.8625,1.926071806835649,4,0
3,0,1,18.0,1,2,23.45,S,Unknown,Miss,5.8625,1.926071806835649,4,0
3,0,0,26.0,1,2,23.45,S,Unknown,Mr,5.8625,1.926071806835649,4,0
3,0,1,31.0,1,2,23.45,S,Unknown,Mrs,5.8625,1.926071806835649,4,0
3,0,0,23.0,0,0,7.8958,S,Unknown,Mr,7.8958,2.1855792552411137,1,1
3,1,0,32.0,0,0,7.8542,S,Unknown,Mr,7.8542,2.180891922715322,1,1
3,0,0,27.0,0,0,7.8542,S,Unknown,Mr,7.8542,2.180891922715322,1,1
3,0,1,20.0,1,0,9.825,S,Unknown,Miss,9.825,2.3818582738885534,2,0
3,0,1,21.0,1,0,9.825,S,Unknown,Miss,9.825,2.3818582738885534,2,0
3,1,0,32.0,0,0,7.925,S,Unknown,Mr,7.925,2.188856327665703,1,1
3,0,0,17.0,0,0,7.125,S,Unknown,Mr,7.125,2.094945728215801,1,1
3,0,0,21.0,0,0,8.4333,S,Unknown,Mr,8.4333,2.2442459824059346,1,1
3,0,0,30.0,0,0,7.8958,S,Unknown,Mr,7.8958,2.1855792552411137,1,1
3,1,0,21.0,0,0,7.7958,S,Unknown,Mr,7.7958,2.174274334826008,1,1
3,0,0,33.0,0,0,7.8542,S,Unknown,Mr,7.8542,2.180891922715322,1,1
3,0,0,22.0,0,0,7.5208,S,Unknown,Mr,7.5208,2.142510233146819,1,1
3,1,1,4.0,0,1,13.4167,C,Unknown,Miss,6.70835,2.042304156890204,2,0
3,1,0,39.0,0,1,13.4167,C,Unknown,Mr,6.70835,2.042304156890204,2,0
3,0,0,26.0,0,0,7.2292,C,Unknown,Mr,7.2292,2.1076888046179385,1,1
3,0,0,18.5,0,0,7.2292,C,Unknown,Mr,7.2292,2.1076888046179385,1,1
3,0,0,26.0,0,0,7.75,Q,Unknown,Mr,7.75,2.169053700369523,1,1
3,0,0,26.0,0,0,7.25,S,Unknown,Mr,7.25,2.1102132003465894,1,1
3,1,1,18.0,0,0,7.75,Q,Unknown,Miss,7.75,2.169053700369523,1,1
3,1,1,18.0,0,0,7.75,Q,Unknown,Miss,7.75,2.169053700369523,1,1
3,0,0,34.5,0,0,7.8292,Q,Unknown,Mr,7.8292,2.17806441028492,1,1
3,0,0,44.0,0,0,8.05,S,Unknown,Mr,8.05,2.2027647577118348,1,1
3,1,0,26.0,0,0,7.75,Q,Unknown,Mr,7.75,2.169053700369523,1,1
3,0,0,26.0,1,0,14.4542,C,Unknown,Mr,7.2271,2.107433583211985,2,0
3,0,1,31.0,1,0,14.4542,C,Unknown,Mrs,7.2271,2.107433583211985,2,0
3,0,0,26.0,1,0,7.75,Q,Unknown,Mr,7.75,2.169053700369523,2,0
3,0,0,26.0,1,0,7.75,Q,Unknown,Mr,7.75,2.169053700369523,2,0
3,0,0,26.0,0,0,7.7375,Q,Unknown,Mr,7.7375,2.1676241075599285,1,1
3,0,1,22.0,2,0,8.6625,S,Unknown,Miss,8.6625,2.2682524139135403,3,0
3,0,0,26.0,2,0,8.6625,S,Unknown,Mr,8.6625,2.2682524139135403,3,0
3,1,1,4.0,0,2,22.025,S,Unknown,Miss,7.341666666666666,2.1212630365331746,3,0
3,1,0,29.0,3,1,22.025,S,Unknown,Mr,7.341666666666666,2.1212630365331746,5,0
3,1,1,26.0,1,1,22.025,S,Unknown,Mrs,7.341666666666666,2.1212630365331746,3,0
3,0,1,1.0,1,1,12.1833,S,Unknown,Miss,6.09165,1.9589180356123033,3,0
3,0,0,18.0,1,1,7.8542,S,Unknown,Mr,7.8542,2.180891922715322,3,0
3,0,1,36.0,0,2,12.1833,S,Unknown,Mrs,6.09165,1.9589180356123033,3,0
3,0,0,26.0,0,0,7.8958,C,Unknown,Mr,7.8958,2.1855792552411137,1,1
3,1,0,25.0,0,0,7.2292,C,F,Mr,7.2292,2.1076888046179385,1,1
3,0,0,26.0,0,0,7.225,C,Unknown,Mr,7.225,2.1071782966514356,1,1
3,0,1,37.0,0,0,9.5875,S,Unknown,Miss,9.5875,2.3596740599781727,1,1
3,0,0,26.0,0,0,7.8958,S,Unknown,Mr,7.8958,2.1855792552411137,1,1
3,1,0,26.0,0,0,56.4958,S,Unknown,Mr,7.061975,2.087158563722664,1,1
3,0,0,26.0,0,0,56.4958,S,Unknown,Mr,7.061975,2.087158563722664,1,1
3,1,1,22.0,0,0,7.25,S,Unknown,Miss,7.25,2.1102132003465894,1,1
3,0,0,26.0,0,0,7.75,Q,Unknown,Mr,7.75,2.169053700369523,1,1
3,1,0,26.0,0,0,56.4958,S,Unknown,Mr,7.061975,2.087158563722664,1,1
3,0,0,29.0,0,0,9.4833,S,Unknown,Mr,9.4833,2.3497835148230464,1,1
3,0,0,29.0,0,0,7.775,S,Unknown,Mr,7.775,2.1719067693519296,1,1
3,0,0,22.0,0,0,7.775,S,Unknown,Mr,7.775,2.1719067693519296,1,1
3,1,0,22.0,0,0,7.225,C,Unknown,Mr,7.225,2.1071782966514356,1,1
3,0,0,6.0,3,1,25.4667,S,Unknown,Master,5.0933399999999995,1.8071963714491994,5,0
3,0,1,18.0,3,1,25.4667,S,Unknown,Miss,5.0933399999999995,1.8071963714491994,5,0
3,0,1,18.0,3,1,25.4667,S,Unknown,Miss,5.0933399999999995,1.8071963714491994,5,0
3,0,1,18.0,3,1,25.4667,S,Unknown,Miss,5.0933399999999995,1.8071963714491994,5,0
3,0,1,31.0,0,4,25.4667,S,Unknown,Mrs,5.0933399999999995,1.8071963714491994,5,0
3,0,0,32.0,0,0,7.925,S,Unknown,Mr,7.925,2.188856327665703,1,1
3,0,0,34.5,0,0,6.4375,C,Unknown,Mr,6.4375,2.006534770871748,1,1
3,0,1,18.0,1,0,15.5,Q,Unknown,Miss,7.75,2.169053700369523,2,0
3,0,0,26.0,1,0,15.5,Q,Unknown,Mr,7.75,2.169053700369523,2,0
3,0,0,36.0,0,0,8.05,S,Unknown,Mr,2.0125,1.1027702988167734,1,1
3,0,0,39.0,0,0,24.15,S,Unknown,Mr,8.049999999999999,2.2027647577118348,1,1
3,0,0,24.0,0,0,9.5,S,Unknown,Mr,9.5,2.3513752571634776,1,1
3,0,1,25.0,0,0,7.775,S,Unknown,Miss,7.775,2.1719067693519296,1,1
3,0,1,45.0,0,0,7.75,S,Unknown,Miss,7.75,2.169053700369523,1,1
3,0,0,36.0,1,0,15.55,S,Unknown,Mr,7.775,2.1719067693519296,2,0
3,0,1,30.0,1,0,15.55,S,Unknown,Mrs,7.775,2.1719067693519296,2,0
3,1,0,20.0,1,0,7.925,S,Unknown,Mr,7.925,2.188856327665703,2,0
3,0,0,26.0,0,0,7.8792,Q,Unknown,Mr,7.8792,2.1837114628556327,1,1
3,0,0,28.0,0,0,56.4958,S,Unknown,Mr,7.061975,2.087158563722664,1,1
3,0,0,26.0,0,0,7.55,S,Unknown,Mr,7.55,2.145931282948669,1,1
3,0,0,30.0,1,0,16.1,S,Unknown,Mr,8.05,2.2027647577118348,2,0
3,0,1,26.0,1,0,16.1,S,Unknown,Mrs,8.05,2.2027647577118348,2,0
3,0,0,26.0,0,0,7.8792,S,Unknown,Mr,7.8792,2.1837114628556327,1,1
3,0,0,20.5,0,0,7.25,S,Unknown,Mr,7.25,2.1102132003465894,1,1
3,1,0,27.0,0,0,8.6625,S,Unknown,Mr,8.6625,2.2682524139135403,1,1
3,0,0,51.0,0,0,7.0542,S,Unknown,Mr,7.0542,2.086193694502369,1,1
3,1,1,23.0,0,0,7.8542,S,Unknown,Miss,7.8542,2.180891922715322,1,1
3,1,0,32.0,0,0,7.5792,S,Unknown,Mr,7.5792,2.149340669059503,1,1
3,0,0,26.0,0,0,7.8958,S,Unknown,Mr,7.8958,2.1855792552411137,1,1
3,0,0,26.0,0,0,7.55,S,Unknown,Mr,7.55,2.145931282948669,1,1
3,1,1,18.0,0,0,7.75,Q,Unknown,Miss,7.75,2.169053700369523,1,1
3,1,0,24.0,0,0,7.1417,S,Unknown,Mr,7.1417,2.0969990034181696,1,1
3,0,0,22.0,0,0,7.125,S,Unknown,Mr,7.125,2.094945728215801,1,1
3,0,1,18.0,0,0,7.8792,Q,Unknown,Miss,7.8792,2.1837114628556327,1,1
3,0,0,26.0,0,0,7.75,Q,Unknown,Mr,7.75,2.169053700369523,1,1
3,0,0,26.0,0,0,8.05,S,Unknown,Mr,8.05,2.2027647577118348,1,1
3,0,0,29.0,0,0,7.925,S,Unknown,Mr,7.925,2.188856327665703,1,1
3,1,0,26.0,0,0,7.2292,C,Unknown,Mr,7.2292,2.1076888046179385,1,1
3,0,1,30.5,0,0,7.75,Q,Unknown,Miss,7.75,2.169053700369523,1,1
3,1,1,18.0,0,0,7.7375,Q,Unknown,Miss,7.7375,2.1676241075599285,1,1
3,0,0,26.0,0,0,7.2292,C,F,Mr,7.2292,2.1076888046179385,1,1
3,0,0,35.0,0,0,7.8958,C,Unknown,Mr,7.8958,2.1855792552411137,1,1
3,0,0,33.0,0,0,7.8958,S,Unknown,Mr,7.8958,2.1855792552411137,1,1
3,1,1,31.0,0,0,7.225,C,Unknown,Mrs,7.225,2.1071782966514356,1,1
3,0,0,26.0,0,0,7.8958,C,Unknown,Mr,7.8958,2.1855792552411137,1,1
3,1,1,18.0,0,0,7.75,Q,Unknown,Miss,7.75,2.169053700369523,1,1
3,1,0,26.0,0,0,7.75,Q,Unknown,Mr,7.75,2.169053700369523,1,1
3,1,1,18.0,2,0,23.25,Q,Unknown,Miss,7.75,2.169053700369523,3,0
3,1,1,18.0,2,0,23.25,Q,Unknown,Miss,7.75,2.169053700369523,3,0
3,1,0,26.0,2,0,23.25,Q,Unknown,Mr,7.75,2.169053700369523,3,0
3,1,1,18.0,0,0,7.7875,Q,Unknown,Miss,7.7875,2.1733302571367834,1,1
3,0,0,26.0,0,0,15.5,Q,Unknown,Mr,7.75,2.169053700369523,1,1
3,1,1,18.0,0,0,7.8792,Q,Unknown,Miss,7.8792,2.1837114628556327,1,1
3,1,1,15.0,0,0,8.0292,Q,Unknown,Miss,8.0292,2.2004637699272855,1,1
3,0,1,35.0,0,0,7.75,Q,Unknown,Miss,7.75,2.169053700369523,1,1
3,0,0,26.0,0,0,7.75,Q,Unknown,Mr,7.75,2.169053700369523,1,1
3,0,0,24.0,1,0,16.1,S,Unknown,Mr,8.05,2.2027647577118348,2,0
3,0,1,19.0,1,0,16.1,S,Unknown,Mrs,8.05,2.2027647577118348,2,0
3,0,1,18.0,0,0,7.75,Q,Unknown,Miss,7.75,2.169053700369523,1,1
3,0,1,18.0,0,0,8.05,S,Unknown,Miss,8.05,2.2027647577118348,1,1
3,0,1,31.0,0,0,8.05,S,Unknown,Mrs,8.05,2.2027647577118348,1,1
3,0,0,55.5,0,0,8.05,S,Unknown,Mr,8.05,2.2027647577118348,1,1
3,0,0,26.0,0,0,7.75,Q,Unknown,Mr,7.75,2.169053700369523,1,1
3,1,0,21.0,0,0,7.775,S,Unknown,Mr,7.775,2.1719067693519296,1,1
3,0,0,26.0,0,0,8.05,S,Unknown,Mr,8.05,2.2027647577118348,1,1
3,0,0,24.0,0,0,7.8958,S,Unknown,Mr,7.8958,2.1855792552411137,1,1
3,0,0,21.0,0,0,7.8958,S,Unknown,Mr,7.8958,2.1855792552411137,1,1
3,0,0,28.0,0,0,7.8958,S,Unknown,Mr,7.8958,2.1855792552411137,1,1
3,0,0,26.0,0,0,7.8958,S,Unknown,Mr,7.8958,2.1855792552411137,1,1
3,1,1,18.0,0,0,7.8792,Q,Unknown,Miss,7.8792,2.1837114628556327,1,1
3,0,0,25.0,0,0,7.65,S,F,Mr,7.65,2.157559320943788,1,1
3,1,0,6.0,0,1,12.475,S,E,Master,6.2375,1.9792758428991135,2,0
3,1,1,27.0,0,1,12.475,S,E,Mrs,6.2375,1.9792758428991135,2,0
3,0,0,26.0,0,0,8.05,S,Unknown,Mr,8.05,2.2027647577118348,1,1
3,1,1,18.0,1,0,24.15,Q,Unknown,Miss,8.049999999999999,2.2027647577118348,2,0
3,0,0,26.0,1,0,24.15,Q,Unknown,Mr,8.049999999999999,2.2027647577118348,2,0
3,0,0,26.0,0,0,8.4583,Q,Unknown,Mr,8.4583,2.246892662898172,1,1
3,0,0,34.0,0,0,8.05,S,Unknown,Mr,8.05,2.2027647577118348,1,1
3,0,0,26.0,0,0,7.75,Q,Unknown,Mr,7.75,2.169053700369523,1,1
3,1,0,26.0,0,0,7.775,S,Unknown,Mr,7.775,2.1719067693519296,1,1
3,1,0,6.0,1,1,15.2458,C,Unknown,Master,5.081933333333333,1.8053226278885095,3,0
3,1,0,6.0,1,1,15.2458,C,Unknown,Master,5.081933333333333,1.8053226278885095,3,0
3,1,1,31.0,0,2,15.2458,C,Unknown,Mrs,5.081933333333333,1.8053226278885095,3,0
3,1,1,31.0,0,0,7.2292,C,Unknown,Mrs,7.2292,2.1076888046179385,1,1
3,0,0,26.0,0,0,8.05,S,Unknown,Mr,8.05,2.2027647577118348,1,1
3,1,1,18.0,0,0,7.7333,Q,Unknown,Miss,7.7333,2.167143305297764,1,1
3,1,1,24.0,0,0,7.75,Q,Unknown,Miss,7.75,2.169053700369523,1,1
3,0,0,26.0,0,0,8.05,S,Unknown,Mr,8.05,2.2027647577118348,1,1
3,1,1,18.0,1,0,15.5,Q,Unknown,Miss,7.75,2.169053700369523,2,0
3,1,1,18.0,1,0,15.5,Q,Unknown,Miss,7.75,2.169053700369523,2,0
3,1,1,18.0,0,0,15.5,Q,Unknown,Miss,7.75,2.169053700369523,1,1
3,0,0,18.0,0,0,7.75,S,Unknown,Mr,7.75,2.169053700369523,1,1
3,0,0,22.0,0,0,7.8958,S,Unknown,Mr,7.8958,2.1855792552411137,1,1
3,1,1,15.0,0,0,7.225,C,Unknown,Miss,7.225,2.1071782966514356,1,1
3,1,1,1.0,0,2,15.7417,C,Unknown,Miss,5.247233333333333,1.8321386990758308,3,0
3,1,0,20.0,1,1,15.7417,C,Unknown,Mr,5.247233333333333,1.8321386990758308,3,0
3,1,1,19.0,1,1,15.7417,C,Unknown,Mrs,5.247233333333333,1.8321386990758308,3,0
3,0,0,33.0,0,0,8.05,S,Unknown,Mr,8.05,2.2027647577118348,1,1
3,0,0,26.0,0,0,7.8958,S,Unknown,Mr,7.8958,2.1855792552411137,1,1
3,0,0,26.0,0,0,7.2292,C,Unknown,Mr,7.2292,2.1076888046179385,1,1
3,0,1,18.0,0,0,7.75,Q,Unknown,Miss,7.75,2.169053700369523,1,1
3,0,0,26.0,0,0,7.8958,S,Unknown,Mr,7.8958,2.1855792552411137,1,1
3,1,0,12.0,1,0,11.2417,C,Unknown,Master,5.62085,1.8902237604980383,2,0
3,1,1,14.0,1,0,11.2417,C,Unknown,Miss,5.62085,1.8902237604980383,2,0
3,0,1,29.0,0,0,7.925,S,Unknown,Miss,7.925,2.188856327665703,1,1
3,0,0,28.0,0,0,8.05,S,Unknown,Mr,8.05,2.2027647577118348,1,1
3,1,1,18.0,0,0,7.775,S,Unknown,Miss,7.775,2.1719067693519296,1,1
3,1,1,26.0,0,0,7.8542,S,Unknown,Miss,7.8542,2.180891922715322,1,1
3,0,0,21.0,0,0,7.8542,S,Unknown,Mr,7.8542,2.180891922715322,1,1
3,0,0,41.0,0,0,7.125,S,Unknown,Mr,7.125,2.094945728215801,1,1
3,1,0,39.0,0,0,7.925,S,Unknown,Mr,7.925,2.188856327665703,1,1
3,0,0,21.0,0,0,7.8,S,Unknown,Mr,7.8,2.174751721484161,1,1
3,0,0,28.5,0,0,7.2292,C,Unknown,Mr,7.2292,2.1076888046179385,1,1
3,1,1,22.0,0,0,7.75,S,Unknown,Miss,7.75,2.169053700369523,1,1
3,0,0,61.0,0,0,6.2375,S,Unknown,Mr,6.2375,1.9792758428991135,1,1
3,0,0,26.0,1,0,15.5,Q,Unknown,Mr,7.75,2.169053700369523,2,0
3,0,0,26.0,0,0,7.8292,Q,Unknown,Mr,7.8292,2.17806441028492,1,1
3,1,1,31.0,1,0,15.5,Q,Unknown,Mrs,7.75,2.169053700369523,2,0
3,0,0,26.0,0,0,7.7333,Q,Unknown,Mr,7.7333,2.167143305297764,1,1
3,0,0,26.0,0,0,7.75,Q,Unknown,Mr,7.75,2.169053700369523,1,1
3,0,0,26.0,0,0,7.75,Q,Unknown,Mr,7.75,2.169053700369523,1,1
3,0,0,23.0,0,0,9.225,S,Unknown,Mr,9.225,2.3248357019288655,1,1
3,0,1,18.0,0,0,7.75,Q,Unknown,Miss,7.75,2.169053700369523,1,1
3,1,1,18.0,0,0,7.75,Q,Unknown,Miss,7.75,2.169053700369523,1,1
3,1,1,18.0,0,0,7.8792,Q,Unknown,Miss,7.8792,2.1837114628556327,1,1
3,1,1,22.0,0,0,7.775,S,Unknown,Miss,7.775,2.1719067693519296,1,1
3,1,0,26.0,0,0,7.75,Q,Unknown,Mr,7.75,2.169053700369523,1,1
3,1,1,18.0,0,0,7.8292,Q,Unknown,Miss,7.8292,2.17806441028492,1,1
3,1,0,9.0,0,1,3.1708,S,Unknown,Master,3.1708,1.428107863933301,2,0
3,0,0,28.0,0,0,22.525,S,Unknown,Mr,7.508333333333333,2.1410460753826195,1,1
3,0,0,42.0,0,1,8.4042,S,Unknown,Mr,8.4042,2.2411563979973974,2,0
3,0,0,26.0,0,0,7.3125,S,Unknown,Mr,7.3125,2.1177604059819726,1,1
3,0,1,31.0,0,0,7.8542,S,Unknown,Miss,7.8542,2.180891922715322,1,1
3,0,0,28.0,0,0,7.8542,S,Unknown,Mr,7.8542,2.180891922715322,1,1
3,1,0,32.0,0,0,7.775,S,Unknown,Mr,7.775,2.1719067693519296,1,1
3,0,0,20.0,0,0,9.225,S,Unknown,Mr,9.225,2.3248357019288655,1,1
3,0,1,23.0,0,0,8.6625,S,Unknown,Miss,8.6625,2.2682524139135403,1,1
3,0,1,20.0,0,0,8.6625,S,Unknown,Miss,8.6625,2.2682524139135403,1,1
3,0,0,20.0,0,0,8.6625,S,Unknown,Mr,8.6625,2.2682524139135403,1,1
3,0,0,16.0,0,0,9.2167,S,Unknown,Mr,4.60835,1.7242565586264682,1,1
3,1,1,31.0,0,0,8.6833,S,Unknown,Mrs,8.6833,2.270402752283094,1,1
3,0,1,18.0,0,0,7.6292,Q,Unknown,Miss,7.6292,2.155151800914312,1,1
3,0,0,2.0,3,1,21.075,S,Unknown,Master,4.215,1.6515390884527357,5,0
3,0,0,6.0,3,1,21.075,S,Unknown,Master,4.215,1.6515390884527357,5,0
3,0,1,3.0,3,1,21.075,S,Unknown,Miss,4.215,1.6515390884527357,5,0
3,0,1,8.0,3,1,21.075,S,Unknown,Miss,4.215,1.6515390884527357,5,0
3,0,1,29.0,0,4,21.075,S,Unknown,Mrs,4.215,1.6515390884527357,5,0
3,0,0,1.0,4,1,39.6875,S,Unknown,Master,5.669642857142857,1.8975663138377228,6,0
3,0,0,7.0,4,1,39.6875,S,Unknown,Master,5.669642857142857,1.8975663138377228,6,0
3,0,0,2.0,4,1,39.6875,S,Unknown,Master,5.669642857142857,1.8975663138377228,6,0
3,0,0,16.0,4,1,39.6875,S,Unknown,Mr,5.669642857142857,1.8975663138377228,6,0
3,0,0,14.0,4,1,39.6875,S,Unknown,Mr,5.669642857142857,1.8975663138377228,6,0
3,0,1,41.0,0,5,39.6875,S,Unknown,Mrs,5.669642857142857,1.8975663138377228,6,0
3,0,0,21.0,0,0,8.6625,S,Unknown,Mr,8.6625,2.2682524139135403,1,1
3,0,0,19.0,0,0,14.5,S,Unknown,Mr,7.25,2.1102132003465894,1,1
3,0,0,26.0,0,0,8.7125,C,Unknown,Mr,8.7125,2.2734137156937657,1,1
3,0,0,32.0,0,0,7.8958,S,Unknown,Mr,7.8958,2.1855792552411137,1,1
3,0,0,0.75,1,1,13.775,S,Unknown,Master,4.591666666666667,1.7212773941896358,3,0
3,0,1,3.0,1,1,13.775,S,Unknown,Miss,4.591666666666667,1.7212773941896358,3,0
3,0,1,26.0,0,2,13.775,S,Unknown,Mrs,4.591666666666667,1.7212773941896358,3,0
3,0,0,26.0,0,0,7.0,S,Unknown,Mr,7.0,2.0794415416798357,1,1
3,0,0,26.0,0,0,7.775,S,Unknown,Mr,7.775,2.1719067693519296,1,1
3,0,0,26.0,0,0,8.05,S,Unknown,Mr,8.05,2.2027647577118348,1,1
3,0,0,21.0,0,0,7.925,S,Unknown,Mr,7.925,2.188856327665703,1,1
3,0,0,25.0,0,0,7.925,S,Unknown,Mr,7.925,2.188856327665703,1,1
3,0,0,22.0,0,0,7.25,S,Unknown,Mr,7.25,2.1102132003465894,1,1
3,1,0,25.0,1,0,7.775,S,Unknown,Mr,7.775,2.1719067693519296,2,0
3,1,0,6.0,1,1,22.3583,C,Unknown,Master,7.452766666666666,2.134493803953674,3,0
3,1,1,18.0,1,1,22.3583,C,F,Miss,7.452766666666666,2.134493803953674,3,0
3,1,1,31.0,0,2,22.3583,C,Unknown,Mrs,7.452766666666666,2.134493803953674,3,0
3,0,1,18.0,0,0,8.1375,Q,Unknown,Miss,8.1375,2.212386825075897,1,1
3,0,0,24.0,0,0,8.05,S,Unknown,Mr,8.05,2.2027647577118348,1,1
3,0,1,28.0,0,0,7.8958,S,Unknown,Miss,7.8958,2.1855792552411137,1,1
3,0,0,19.0,0,0,7.8958,S,Unknown,Mr,7.8958,2.1855792552411137,1,1
3,0,0,26.0,0,0,7.8958,S,Unknown,Mr,7.8958,2.1855792552411137,1,1
3,0,0,25.0,1,0,7.775,S,Unknown,Mr,7.775,2.1719067693519296,2,0
3,0,1,18.0,0,0,7.775,S,Unknown,Miss,7.775,2.1719067693519296,1,1
3,1,0,32.0,0,0,8.05,S,E,Mr,8.05,2.2027647577118348,1,1
3,0,0,26.0,0,0,7.8958,S,Unknown,Mr,7.8958,2.1855792552411137,1,1
3,0,0,17.0,0,0,8.6625,S,Unknown,Mr,8.6625,2.2682524139135403,1,1
3,0,0,24.0,0,0,8.6625,S,Unknown,Mr,8.6625,2.2682524139135403,1,1
3,0,0,26.0,0,0,7.8958,S,Unknown,Mr,7.8958,2.1855792552411137,1,1
3,0,1,31.0,0,0,8.1125,S,Unknown,Mrs,8.1125,2.2096470973347766,1,1
3,0,0,26.0,0,0,7.2292,C,Unknown,Mr,7.2292,2.1076888046179385,1,1
3,0,0,26.0,0,0,7.25,S,Unknown,Mr,7.25,2.1102132003465894,1,1
3,0,0,38.0,0,0,7.8958,S,Unknown,Mr,7.8958,2.1855792552411137,1,1
3,0,0,21.0,0,0,8.05,S,Unknown,Mr,8.05,2.2027647577118348,1,1
3,0,0,10.0,4,1,29.125,Q,Unknown,Master,4.854166666666667,1.767153658425855,6,0
3,0,0,4.0,4,1,29.125,Q,Unknown,Master,4.854166666666667,1.767153658425855,6,0
3,0,0,7.0,4,1,29.125,Q,Unknown,Master,4.854166666666667,1.767153658425855,6,0
3,0,0,2.0,4,1,29.125,Q,Unknown,Master,4.854166666666667,1.767153658425855,6,0
3,0,0,8.0,4,1,29.125,Q,Unknown,Master,4.854166666666667,1.767153658425855,6,0
3,0,1,39.0,0,5,29.125,Q,Unknown,Mrs,4.854166666666667,1.767153658425855,6,0
3,0,1,22.0,0,0,39.6875,S,Unknown,Miss,5.669642857142857,1.8975663138377228,1,1
3,0,0,35.0,0,0,7.125,S,Unknown,Mr,7.125,2.094945728215801,1,1
3,1,1,18.0,0,0,7.7208,Q,Unknown,Miss,7.7208,2.165710976832012,1,1
3,0,0,26.0,0,0,14.5,S,Unknown,Mr,7.25,2.1102132003465894,1,1
3,0,1,31.0,0,0,14.5,S,Unknown,Mrs,7.25,2.1102132003465894,1,1
3,0,0,50.0,1,0,14.5,S,Unknown,Mr,7.25,2.1102132003465894,2,0
3,0,1,47.0,1,0,14.5,S,Unknown,Mrs,7.25,2.1102132003465894,2,0
3,0,0,26.0,0,0,8.05,S,Unknown,Mr,8.05,2.2027647577118348,1,1
3,0,0,26.0,0,0,7.775,S,Unknown,Mr,7.775,2.1719067693519296,1,1
3,0,1,2.0,1,1,20.2125,S,Unknown,Miss,6.7375,2.0460786380107145,3,0
3,0,0,18.0,1,1,20.2125,S,Unknown,Mr,6.7375,2.0460786380107145,3,0
3,0,1,41.0,0,2,20.2125,S,Unknown,Mrs,6.7375,2.0460786380107145,3,0
3,1,1,18.0,0,0,8.05,S,Unknown,Miss,8.05,2.2027647577118348,1,1
3,0,0,50.0,0,0,8.05,S,Unknown,Mr,8.05,2.2027647577118348,1,1
3,0,0,16.0,0,0,8.05,S,Unknown,Mr,8.05,2.2027647577118348,1,1
3,1,0,26.0,0,0,7.75,Q,Unknown,Mr,7.75,2.169053700369523,1,1
3,0,0,26.0,0,0,24.15,Q,Unknown,Mr,8.049999999999999,2.2027647577118348,1,1
3,0,0,26.0,0,0,7.2292,C,Unknown,Mr,7.2292,2.1076888046179385,1,1
3,0,0,25.0,0,0,7.225,C,Unknown,Mr,7.225,2.1071782966514356,1,1
3,0,0,26.0,0,0,7.225,C,Unknown,Mr,7.225,2.1071782966514356,1,1
3,0,0,26.0,0,0,7.7292,Q,Unknown,Mr,7.7292,2.1666737276227077,1,1
3,0,0,26.0,0,0,7.575,S,Unknown,Mr,7.575,2.1488509930520037,1,1
3,0,0,38.5,0,0,7.25,S,Unknown,Mr,7.25,2.1102132003465894,1,1
3,0,0,6.0,8,2,69.55,S,Unknown,Master,6.322727272727272,1.9909828368246127,11,0
3,0,0,14.5,8,2,69.55,S,Unknown,Master,6.322727272727272,1.9909828368246127,11,0
3,0,1,18.0,8,2,69.55,S,Unknown,Miss,6.322727272727272,1.9909828368246127,11,0
3,0,1,18.0,8,2,69.55,S,Unknown,Miss,6.322727272727272,1.9909828368246127,11,0
3,0,1,18.0,8,2,69.55,S,Unknown,Miss,6.322727272727272,1.9909828368246127,11,0
3,0,1,18.0,8,2,69.55,S,Unknown,Miss,6.322727272727272,1.9909828368246127,11,0
3,0,0,26.0,8,2,69.55,S,Unknown,Mr,6.322727272727272,1.9909828368246127,11,0
3,0,0,26.0,8,2,69.55,S,Unknown,Mr,6.322727272727272,1.9909828368246127,11,0
3,0,0,26.0,8,2,69.55,S,Unknown,Mr,6.322727272727272,1.9909828368246127,11,0
3,0,0,26.0,1,9,69.55,S,Unknown,Mr,6.322727272727272,1.9909828368246127,11,0
3,0,1,31.0,1,9,69.55,S,Unknown,Mrs,6.322727272727272,1.9909828368246127,11,0
3,0,0,24.0,0,0,9.325,S,Unknown,Mr,9.325,2.3345681388470965,1,1
3,1,1,21.0,0,0,7.65,S,Unknown,Miss,7.65,2.157559320943788,1,1
3,0,0,39.0,0,0,7.925,S,Unknown,Mr,7.925,2.188856327665703,1,1
3,0,0,26.0,2,0,21.6792,C,Unknown,Mr,7.226400000000001,2.107348494932844,3,0
3,0,0,26.0,2,0,21.6792,C,Unknown,Mr,7.226400000000001,2.107348494932844,3,0
3,0,0,26.0,2,0,21.6792,C,Unknown,Mr,7.226400000000001,2.107348494932844,3,0
3,1,1,1.0,1,1,16.7,S,G,Miss,5.566666666666666,1.882006347075833,3,0
3,1,1,24.0,0,2,16.7,S,G,Mrs,5.566666666666666,1.882006347075833,3,0
3,1,1,4.0,1,1,16.7,S,G,Miss,5.566666666666666,1.882006347075833,3,0
3,1,0,25.0,0,0,9.5,S,Unknown,Mr,9.5,2.3513752571634776,1,1
3,0,0,20.0,0,0,8.05,S,Unknown,Mr,8.05,2.2027647577118348,1,1
3,0,0,24.5,0,0,8.05,S,Unknown,Mr,8.05,2.2027647577118348,1,1
3,0,0,26.0,0,0,7.725,Q,Unknown,Mr,7.725,2.1661924680884908,1,1
3,0,0,26.0,0,0,7.8958,S,Unknown,Mr,7.8958,2.1855792552411137,1,1
3,0,0,26.0,0,0,7.75,Q,Unknown,Mr,7.75,2.169053700369523,1,1
3,1,0,29.0,0,0,9.5,S,Unknown,Mr,9.5,2.3513752571634776,1,1
3,0,0,26.0,0,0,15.1,S,Unknown,Mr,7.55,2.145931282948669,1,1
3,1,1,18.0,0,0,7.7792,Q,Unknown,Miss,7.7792,2.172385287322574,1,1
3,0,0,26.0,0,0,8.05,S,Unknown,Mr,8.05,2.2027647577118348,1,1
3,0,0,26.0,0,0,8.05,S,Unknown,Mr,8.05,2.2027647577118348,1,1
3,0,0,22.0,0,0,7.2292,C,Unknown,Mr,7.2292,2.1076888046179385,1,1
3,0,0,26.0,0,0,8.05,S,Unknown,Mr,8.05,2.2027647577118348,1,1
3,0,0,40.0,0,0,7.8958,S,Unknown,Mr,7.8958,2.1855792552411137,1,1
3,0,0,21.0,0,0,7.925,S,Unknown,Mr,7.925,2.188856327665703,1,1
3,1,1,18.0,0,0,7.4958,S,Unknown,Miss,7.4958,2.139571923732859,1,1
3,0,0,4.0,3,2,27.9,S,Unknown,Master,4.6499999999999995,1.7316555451583495,6,0
3,0,0,10.0,3,2,27.9,S,Unknown,Master,4.6499999999999995,1.7316555451583495,6,0
3,0,1,9.0,3,2,27.9,S,Unknown,Miss,4.6499999999999995,1.7316555451583495,6,0
3,0,1,2.0,3,2,27.9,S,Unknown,Miss,4.6499999999999995,1.7316555451583495,6,0
3,0,0,40.0,1,4,27.9,S,Unknown,Mr,4.6499999999999995,1.7316555451583495,6,0
3,0,1,45.0,1,4,27.9,S,Unknown,Mrs,4.6499999999999995,1.7316555451583495,6,0
3,0,0,26.0,0,0,7.8958,S,Unknown,Mr,7.8958,2.1855792552411137,1,1
3,0,0,26.0,0,0,8.05,S,Unknown,Mr,8.05,2.2027647577118348,1,1
3,0,0,26.0,0,0,8.6625,S,Unknown,Mr,8.6625,2.2682524139135403,1,1
3,0,0,26.0,0,0,7.75,Q,Unknown,Mr,7.75,2.169053700369523,1,1
3,1,1,18.0,0,0,7.7333,Q,Unknown,Miss,7.7333,2.167143305297764,1,1
3,0,0,19.0,0,0,7.65,S,F,Mr,7.65,2.157559320943788,1,1
3,0,0,30.0,0,0,8.05,S,Unknown,Mr,8.05,2.2027647577118348,1,1
3,0,0,26.0,0,0,8.05,S,Unknown,Mr,8.05,2.2027647577118348,1,1
3,0,0,32.0,0,0,8.05,S,Unknown,Mr,8.05,2.2027647577118348,1,1
3,0,0,26.0,0,0,7.8958,S,Unknown,Mr,7.8958,2.1855792552411137,1,1
3,0,0,33.0,0,0,8.6625,C,Unknown,Mr,8.6625,2.2682524139135403,1,1
3,1,1,23.0,0,0,7.55,S,Unknown,Miss,7.55,2.145931282948669,1,1
3,0,0,21.0,0,0,8.05,S,Unknown,Mr,8.05,2.2027647577118348,1,1
3,0,0,60.5,0,0,8.05,S,Unknown,Mr,8.05,2.2027647577118348,1,1
3,0,0,19.0,0,0,7.8958,S,Unknown,Mr,7.8958,2.1855792552411137,1,1
3,0,1,22.0,0,0,9.8375,S,Unknown,Miss,9.8375,2.3830123421066602,1,1
3,1,0,31.0,0,0,7.925,S,Unknown,Mr,7.925,2.188856327665703,1,1
3,0,0,27.0,0,0,8.6625,S,Unknown,Mr,8.6625,2.2682524139135403,1,1
3,0,1,2.0,0,1,10.4625,S,G,Miss,5.23125,1.8295769547280114,2,0
3,0,1,29.0,1,1,10.4625,S,G,Mrs,5.23125,1.8295769547280114,3,0
3,1,0,16.0,0,0,8.05,S,Unknown,Mr,8.05,2.2027647577118348,1,1
3,1,0,44.0,0,0,7.925,S,Unknown,Mr,7.925,2.188856327665703,1,1
3,0,0,25.0,0,0,7.05,S,Unknown,Mr,7.05,2.0856720914304723,1,1
3,0,0,74.0,0,0,7.775,S,Unknown,Mr,7.775,2.1719067693519296,1,1
3,1,0,14.0,0,0,9.225,S,Unknown,Mr,9.225,2.3248357019288655,1,1
3,0,0,24.0,0,0,7.7958,S,Unknown,Mr,7.7958,2.174274334826008,1,1
3,1,0,25.0,0,0,7.7958,S,Unknown,Mr,7.7958,2.174274334826008,1,1
3,0,0,34.0,0,0,8.05,S,Unknown,Mr,8.05,2.2027647577118348,1,1
3,1,0,0.4167,0,1,8.5167,C,Unknown,Master,4.25835,1.659817289326252,2,0
3,0,0,26.0,1,0,6.4375,C,Unknown,Mr,6.4375,2.006534770871748,2,0
3,0,0,26.0,0,0,6.4375,C,Unknown,Mr,6.4375,2.006534770871748,1,1
3,0,0,26.0,0,0,7.225,C,Unknown,Mr,7.225,2.1071782966514356,1,1
3,1,1,16.0,1,1,8.5167,C,Unknown,Mrs,4.25835,1.659817289326252,3,0
3,0,0,26.0,0,0,8.05,S,Unknown,Mr,8.05,2.2027647577118348,1,1
3,0,0,26.0,1,0,16.1,S,Unknown,Mr,8.05,2.2027647577118348,2,0
3,1,1,31.0,1,0,16.1,S,Unknown,Mrs,8.05,2.2027647577118348,2,0
3,0,0,32.0,0,0,7.925,S,Unknown,Mr,7.925,2.188856327665703,1,1
3,0,0,26.0,0,0,7.75,Q,F,Mr,7.75,2.169053700369523,1,1
3,0,0,26.0,0,0,7.8958,S,Unknown,Mr,7.8958,2.1855792552411137,1,1
3,0,0,30.5,0,0,8.05,S,Unknown,Mr,8.05,2.2027647577118348,1,1
3,0,0,44.0,0,0,8.05,S,Unknown,Mr,8.05,2.2027647577118348,1,1
3,0,0,26.0,0,0,7.2292,C,Unknown,Mr,7.2292,2.1076888046179385,1,1
3,1,0,25.0,0,0,8.05,S,Unknown,Mr,2.0125,1.1027702988167734,1,1
3,0,0,26.0,0,0,7.2292,C,Unknown,Mr,7.2292,2.1076888046179385,1,1
3,1,0,7.0,1,1,15.2458,C,Unknown,Master,5.081933333333333,1.8053226278885095,3,0
3,1,1,9.0,1,1,15.2458,C,Unknown,Miss,5.081933333333333,1.8053226278885095,3,0
3,1,1,29.0,0,2,15.2458,C,Unknown,Mrs,5.081933333333333,1.8053226278885095,3,0
3,0,0,36.0,0,0,7.8958,S,Unknown,Mr,7.8958,2.1855792552411137,1,1
3,1,1,18.0,0,0,9.8417,S,Unknown,Miss,9.8417,2.3833998102837652,1,1
3,1,1,63.0,0,0,9.5875,S,Unknown,Mrs,9.5875,2.3596740599781727,1,1
3,0,0,6.0,1,1,14.5,S,Unknown,Master,4.833333333333333,1.7635885922613586,3,0
3,0,0,11.5,1,1,14.5,S,Unknown,Master,4.833333333333333,1.7635885922613586,3,0
3,0,0,40.5,0,2,14.5,S,Unknown,Mr,4.833333333333333,1.7635885922613586,3,0
3,0,1,10.0,0,2,24.15,S,Unknown,Miss,8.049999999999999,2.2027647577118348,3,0
3,0,0,36.0,1,1,24.15,S,Unknown,Mr,8.049999999999999,2.2027647577118348,3,0
3,0,1,30.0,1,1,24.15,S,Unknown,Mrs,8.049999999999999,2.2027647577118348,3,0
3,0,0,26.0,0,0,9.5,S,Unknown,Mr,9.5,2.3513752571634776,1,1
3,0,0,33.0,0,0,9.5,S,Unknown,Mr,9.5,2.3513752571634776,1,1
3,0,0,28.0,0,0,9.5,S,Unknown,Mr,9.5,2.3513752571634776,1,1
3,0,0,28.0,0,0,9.5,S,Unknown,Mr,9.5,2.3513752571634776,1,1
3,0,0,47.0,0,0,9.0,S,Unknown,Mr,9.0,2.302585092994046,1,1
3,0,1,18.0,2,0,18.0,S,Unknown,Miss,9.0,2.302585092994046,3,0
3,0,0,31.0,3,0,18.0,S,Unknown,Mr,9.0,2.302585092994046,4,0
3,0,0,16.0,2,0,18.0,S,Unknown,Mr,9.0,2.302585092994046,3,0
3,0,1,31.0,1,0,18.0,S,Unknown,Mrs,9.0,2.302585092994046,2,0
3,1,0,22.0,0,0,7.225,C,Unknown,Mr,7.225,2.1071782966514356,1,1
3,0,0,20.0,0,0,7.8542,S,Unknown,Mr,7.8542,2.180891922715322,1,1
3,0,1,14.0,0,0,7.8542,S,Unknown,Miss,7.8542,2.180891922715322,1,1
3,0,0,22.0,0,0,7.8958,S,Unknown,Mr,7.8958,2.1855792552411137,1,1
3,0,0,22.0,0,0,9.0,S,Unknown,Mr,9.0,2.302585092994046,1,1
3,0,0,26.0,0,0,8.05,S,Unknown,Mr,8.05,2.2027647577118348,1,1
3,0,0,26.0,0,0,7.55,S,Unknown,Mr,7.55,2.145931282948669,1,1
3,0,0,26.0,0,0,8.05,S,Unknown,Mr,8.05,2.2027647577118348,1,1
3,0,0,32.5,0,0,9.5,S,Unknown,Mr,9.5,2.3513752571634776,1,1
3,1,1,38.0,0,0,7.2292,C,Unknown,Mrs,7.2292,2.1076888046179385,1,1
3,0,0,51.0,0,0,7.75,S,Unknown,Mr,7.75,2.169053700369523,1,1
3,0,0,18.0,1,0,6.4958,S,Unknown,Mr,6.4958,2.0143428636837015,2,0
3,0,0,21.0,1,0,6.4958,S,Unknown,Mr,6.4958,2.0143428636837015,2,0
3,1,1,47.0,1,0,7.0,S,Unknown,Mrs,7.0,2.0794415416798357,2,0
3,0,0,26.0,0,0,8.7125,S,Unknown,Mr,8.7125,2.2734137156937657,1,1
3,0,0,26.0,0,0,7.55,S,Unknown,Mr,7.55,2.145931282948669,1,1
3,0,0,26.0,0,0,8.05,S,Unknown,Mr,8.05,2.2027647577118348,1,1
3,0,0,28.5,0,0,16.1,S,Unknown,Mr,8.05,2.2027647577118348,1,1
3,0,0,21.0,0,0,7.25,S,Unknown,Mr,7.25,2.1102132003465894,1,1
3,0,0,27.0,0,0,8.6625,S,Unknown,Mr,8.6625,2.2682524139135403,1,1
3,0,0,26.0,0,0,7.25,S,Unknown,Mr,7.25,2.1102132003465894,1,1
3,0,0,36.0,0,0,9.5,S,Unknown,Mr,9.5,2.3513752571634776,1,1
3,0,0,27.0,1,0,14.4542,C,Unknown,Mr,7.2271,2.107433583211985,2,0
3,1,1,15.0,1,0,14.4542,C,Unknown,Mrs,7.2271,2.107433583211985,2,0
3,0,0,45.5,0,0,7.225,C,Unknown,Mr,7.225,2.1071782966514356,1,1
3,0,0,26.0,0,0,7.225,C,Unknown,Mr,7.225,2.1071782966514356,1,1
3,0,0,26.0,0,0,14.4583,C,Unknown,Mr,7.22915,2.107682728674724,1,1
3,0,1,14.5,1,0,14.4542,C,Unknown,Miss,7.2271,2.107433583211985,2,0
3,0,1,18.0,1,0,14.4542,C,Unknown,Miss,7.2271,2.107433583211985,2,0
3,0,0,26.5,0,0,7.225,C,Unknown,Mr,7.225,2.1071782966514356,1,1
3,0,0,27.0,0,0,7.225,C,Unknown,Mr,7.225,2.1071782966514356,1,1
3,0,0,29.0,0,0,7.875,S,Unknown,Mr,7.875,2.1832383353614797,1,1
